Recency_RFM,Frequency_RFM,Monetary_RFM,R_Score,F_Score,M_Score,RFM_Segment,RFM_Score,Segment,Cluster
663,22,1617,1,4,4,144,9,Top Customers,1
113,4,27,4,1,1,411,6,Potential,2
312,20,776,3,4,3,343,10,Top Customers,3
139,6,53,4,1,1,411,6,Potential,2
161,14,422,4,3,3,433,10,Top Customers,2
293,20,716,3,4,3,343,10,Top Customers,3
593,17,590,1,3,3,133,7,Loyal Customers,1
417,8,169,2,2,2,222,6,Potential,0
388,5,46,2,1,1,211,4,At Risk,0
108,1,49,4,1,1,411,6,Potential,2
226,3,19,3,1,1,311,5,Potential,2
593,5,61,1,1,1,111,3,At Risk,0
226,15,1102,3,3,4,334,10,Top Customers,3
226,12,310,3,2,2,322,7,Loyal Customers,2
627,4,46,1,1,1,111,3,At Risk,0
582,25,1315,1,4,4,144,9,Top Customers,1
552,6,96,1,1,2,112,4,At Risk,0
667,11,317,1,2,2,122,5,Potential,0
458,24,1782,2,4,4,244,10,Top Customers,1
603,6,133,1,1,2,112,4,At Risk,0
690,11,316,1,2,2,122,5,Potential,0
539,28,1730,1,4,4,144,9,Top Customers,1
553,14,972,1,3,3,133,7,Loyal Customers,1
169,17,544,4,3,3,433,10,Top Customers,3
468,13,444,2,3,3,233,8,Loyal Customers,0
543,6,75,1,1,2,112,4,At Risk,0
398,10,257,2,2,2,222,6,Potential,0
494,27,637,2,4,3,243,9,Top Customers,1
394,7,131,2,2,2,222,6,Potential,0
219,25,1672,3,4,4,344,11,Top Customers,3
38,6,30,4,1,1,411,6,Potential,2
414,10,318,2,2,2,222,6,Potential,0
627,7,120,1,2,2,122,5,Potential,0
608,11,302,1,2,2,122,5,Potential,0
494,17,1196,2,3,4,234,9,Top Customers,1
304,5,65,3,1,1,311,5,Potential,2
180,23,913,4,4,3,443,11,Top Customers,3
300,6,81,3,1,2,312,6,Potential,2
138,5,67,4,1,1,411,6,Potential,2
513,22,902,2,4,3,243,9,Top Customers,1
426,19,1395,2,4,4,244,10,Top Customers,1
474,5,53,2,1,1,211,4,At Risk,0
552,3,22,1,1,1,111,3,At Risk,0
236,8,186,3,2,2,322,7,Loyal Customers,2
270,5,31,3,1,1,311,5,Potential,2
1,15,984,4,3,3,433,10,Top Customers,3
597,7,122,1,2,2,122,5,Potential,0
401,4,55,2,1,1,211,4,At Risk,0
179,7,124,4,2,2,422,8,Loyal Customers,2
598,19,1319,1,4,4,144,9,Top Customers,1
48,16,507,4,3,3,433,10,Top Customers,3
687,28,1693,1,4,4,144,9,Top Customers,1
543,5,72,1,1,2,112,4,At Risk,0
22,20,1617,4,4,4,444,12,Top Customers,3
382,16,606,2,3,3,233,8,Loyal Customers,3
587,26,1957,1,4,4,144,9,Top Customers,1
453,20,1093,2,4,4,244,10,Top Customers,1
62,5,29,4,1,1,411,6,Potential,2
377,5,46,2,1,1,211,4,At Risk,0
118,16,518,4,3,3,433,10,Top Customers,3
360,20,1438,2,4,4,244,10,Top Customers,1
660,18,612,1,3,3,133,7,Loyal Customers,1
496,20,884,2,4,3,243,9,Top Customers,1
383,18,606,2,3,3,233,8,Loyal Customers,3
205,15,1076,3,3,4,334,10,Top Customers,3
404,4,34,2,1,1,211,4,At Risk,0
49,3,11,4,1,1,411,6,Potential,2
102,31,1274,4,4,4,444,12,Top Customers,3
275,17,653,3,3,3,333,9,Top Customers,3
447,12,1562,2,2,4,224,8,Loyal Customers,1
656,18,1253,1,3,4,134,8,Loyal Customers,1
653,6,109,1,1,2,112,4,At Risk,0
469,26,863,2,4,3,243,9,Top Customers,1
450,19,661,2,4,3,243,9,Top Customers,1
60,7,65,4,2,1,421,7,Loyal Customers,2
557,3,13,1,1,1,111,3,At Risk,0
671,18,1890,1,3,4,134,8,Loyal Customers,1
625,22,2209,1,4,4,144,9,Top Customers,1
298,3,18,3,1,1,311,5,Potential,2
543,19,692,1,4,3,143,8,Loyal Customers,1
669,8,165,1,2,2,122,5,Potential,0
371,3,16,2,1,1,211,4,At Risk,0
361,6,79,2,1,2,212,5,Potential,0
414,10,318,2,2,2,222,6,Potential,0
124,26,778,4,4,3,443,11,Top Customers,3
322,5,56,3,1,1,311,5,Potential,2
348,8,151,3,2,2,322,7,Loyal Customers,0
32,13,372,4,3,2,432,9,Top Customers,2
48,18,1366,4,3,4,434,11,Top Customers,3
159,9,194,4,2,2,422,8,Loyal Customers,2
587,17,603,1,3,3,133,7,Loyal Customers,1
33,3,18,4,1,1,411,6,Potential,2
218,14,985,3,3,3,333,9,Top Customers,3
98,4,32,4,1,1,411,6,Potential,2
36,7,43,4,2,1,421,7,Loyal Customers,2
38,5,45,4,1,1,411,6,Potential,2
584,17,606,1,3,3,133,7,Loyal Customers,1
444,5,63,2,1,1,211,4,At Risk,0
210,24,978,3,4,3,343,10,Top Customers,3
374,14,410,2,3,3,233,8,Loyal Customers,0
341,5,72,3,1,2,312,6,Potential,2
91,5,55,4,1,1,411,6,Potential,2
435,25,1169,2,4,4,244,10,Top Customers,1
408,15,1120,2,3,4,234,9,Top Customers,1
52,19,1097,4,4,4,444,12,Top Customers,3
201,4,29,3,1,1,311,5,Potential,2
278,9,187,3,2,2,322,7,Loyal Customers,2
512,22,910,2,4,3,243,9,Top Customers,1
557,7,145,1,2,2,122,5,Potential,0
569,13,850,1,3,3,133,7,Loyal Customers,1
239,23,969,3,4,3,343,10,Top Customers,3
596,16,1820,1,3,4,134,8,Loyal Customers,1
4,17,608,4,3,3,433,10,Top Customers,3
543,24,730,1,4,3,143,8,Loyal Customers,1
564,16,551,1,3,3,133,7,Loyal Customers,1
292,6,114,3,1,2,312,6,Potential,2
156,15,1724,4,3,4,434,11,Top Customers,3
495,15,577,2,3,3,233,8,Loyal Customers,0
353,5,81,3,1,2,312,6,Potential,0
227,5,33,3,1,1,311,5,Potential,2
374,18,660,2,3,3,233,8,Loyal Customers,3
125,6,80,4,1,2,412,7,Loyal Customers,2
298,4,30,3,1,1,311,5,Potential,2
433,4,43,2,1,1,211,4,At Risk,0
474,27,1135,2,4,4,244,10,Top Customers,1
496,14,559,2,3,3,233,8,Loyal Customers,0
434,15,1923,2,3,4,234,9,Top Customers,1
21,6,90,4,1,2,412,7,Loyal Customers,2
353,14,404,3,3,3,333,9,Top Customers,0
50,19,661,4,4,3,443,11,Top Customers,3
272,14,463,3,3,3,333,9,Top Customers,3
476,18,632,2,3,3,233,8,Loyal Customers,1
139,18,725,4,3,3,433,10,Top Customers,3
322,18,725,3,3,3,333,9,Top Customers,3
319,11,279,3,2,2,322,7,Loyal Customers,2
469,22,1482,2,4,4,244,10,Top Customers,1
690,4,29,1,1,1,111,3,At Risk,0
357,6,106,2,1,2,212,5,Potential,0
41,4,49,4,1,1,411,6,Potential,2
336,5,38,3,1,1,311,5,Potential,2
618,21,2077,1,4,4,144,9,Top Customers,1
227,15,1053,3,3,4,334,10,Top Customers,3
436,22,1385,2,4,4,244,10,Top Customers,1
305,22,871,3,4,3,343,10,Top Customers,3
467,9,312,2,2,2,222,6,Potential,0
619,12,877,1,2,3,123,6,Potential,1
609,5,68,1,1,1,111,3,At Risk,0
305,3,22,3,1,1,311,5,Potential,2
676,9,211,1,2,2,122,5,Potential,0
8,7,127,4,2,2,422,8,Loyal Customers,2
66,15,459,4,3,3,433,10,Top Customers,3
114,15,460,4,3,3,433,10,Top Customers,3
562,13,429,1,3,3,133,7,Loyal Customers,0
48,7,89,4,2,2,422,8,Loyal Customers,2
628,24,1021,1,4,3,143,8,Loyal Customers,1
495,20,1381,2,4,4,244,10,Top Customers,1
356,12,306,2,2,2,222,6,Potential,0
290,3,18,3,1,1,311,5,Potential,2
255,8,162,3,2,2,322,7,Loyal Customers,2
313,17,1231,3,3,4,334,10,Top Customers,3
363,3,13,2,1,1,211,4,At Risk,0
601,25,1706,1,4,4,144,9,Top Customers,1
175,7,121,4,2,2,422,8,Loyal Customers,2
424,19,1293,2,4,4,244,10,Top Customers,1
120,22,1608,4,4,4,444,12,Top Customers,3
228,6,88,3,1,2,312,6,Potential,2
223,17,421,3,3,3,333,9,Top Customers,3
305,11,259,3,2,2,322,7,Loyal Customers,2
239,14,1117,3,3,4,334,10,Top Customers,3
124,6,89,4,1,2,412,7,Loyal Customers,2
69,4,36,4,1,1,411,6,Potential,2
351,5,57,3,1,1,311,5,Potential,2
69,7,148,4,2,2,422,8,Loyal Customers,2
150,6,93,4,1,2,412,7,Loyal Customers,2
86,6,119,4,1,2,412,7,Loyal Customers,2
655,27,1835,1,4,4,144,9,Top Customers,1
560,24,1318,1,4,4,144,9,Top Customers,1
37,5,45,4,1,1,411,6,Potential,2
5,3,10,4,1,1,411,6,Potential,2
210,24,978,3,4,3,343,10,Top Customers,3
49,9,191,4,2,2,422,8,Loyal Customers,2
50,6,57,4,1,1,411,6,Potential,2
274,23,1033,3,4,3,343,10,Top Customers,3
158,5,66,4,1,1,411,6,Potential,2
14,5,43,4,1,1,411,6,Potential,2
571,4,50,1,1,1,111,3,At Risk,0
113,5,39,4,1,1,411,6,Potential,2
331,16,608,3,3,3,333,9,Top Customers,3
467,23,1581,2,4,4,244,10,Top Customers,1
491,5,68,2,1,1,211,4,At Risk,0
658,4,80,1,1,2,112,4,At Risk,0
408,27,1282,2,4,4,244,10,Top Customers,1
276,5,65,3,1,1,311,5,Potential,2
395,6,91,2,1,2,212,5,Potential,0
496,12,315,2,2,2,222,6,Potential,0
182,4,31,3,1,1,311,5,Potential,2
47,22,834,4,4,3,443,11,Top Customers,3
283,16,1600,3,3,4,334,10,Top Customers,3
528,16,1270,2,3,4,234,9,Top Customers,1
90,9,263,4,2,2,422,8,Loyal Customers,2
0,16,535,4,3,3,433,10,Top Customers,3
202,17,1295,3,3,4,334,10,Top Customers,3
258,26,1150,3,4,4,344,11,Top Customers,3
604,26,1240,1,4,4,144,9,Top Customers,1
347,4,38,3,1,1,311,5,Potential,2
596,3,35,1,1,1,111,3,At Risk,0
203,4,53,3,1,1,311,5,Potential,2
412,11,293,2,2,2,222,6,Potential,0
21,5,65,4,1,1,411,6,Potential,2
657,24,1804,1,4,4,144,9,Top Customers,1
455,10,241,2,2,2,222,6,Potential,0
103,19,1101,4,4,4,444,12,Top Customers,3
632,11,264,1,2,2,122,5,Potential,0
524,16,541,2,3,3,233,8,Loyal Customers,0
421,16,1198,2,3,4,234,9,Top Customers,1
89,14,482,4,3,3,433,10,Top Customers,2
48,3,17,4,1,1,411,6,Potential,2
226,24,1615,3,4,4,344,11,Top Customers,3
302,10,285,3,2,2,322,7,Loyal Customers,2
592,26,1135,1,4,4,144,9,Top Customers,1
79,6,114,4,1,2,412,7,Loyal Customers,2
227,15,1047,3,3,4,334,10,Top Customers,3
76,20,714,4,4,3,443,11,Top Customers,3
540,9,185,1,2,2,122,5,Potential,0
659,27,1245,1,4,4,144,9,Top Customers,1
460,8,189,2,2,2,222,6,Potential,0
612,14,576,1,3,3,133,7,Loyal Customers,0
567,15,1103,1,3,4,134,8,Loyal Customers,1
690,16,1753,1,3,4,134,8,Loyal Customers,1
133,3,17,4,1,1,411,6,Potential,2
466,14,433,2,3,3,233,8,Loyal Customers,0
540,13,1588,1,3,4,134,8,Loyal Customers,1
410,3,22,2,1,1,211,4,At Risk,0
74,4,19,4,1,1,411,6,Potential,2
463,26,1117,2,4,4,244,10,Top Customers,1
202,6,69,3,1,2,312,6,Potential,2
207,4,23,3,1,1,311,5,Potential,2
268,18,605,3,3,3,333,9,Top Customers,3
185,7,57,3,2,1,321,6,Potential,2
43,3,22,4,1,1,411,6,Potential,2
244,21,2088,3,4,4,344,11,Top Customers,3
553,14,1009,1,3,3,133,7,Loyal Customers,1
333,4,26,3,1,1,311,5,Potential,2
213,21,1627,3,4,4,344,11,Top Customers,3
681,24,1102,1,4,4,144,9,Top Customers,1
24,4,17,4,1,1,411,6,Potential,2
405,14,1690,2,3,4,234,9,Top Customers,1
536,19,1390,1,4,4,144,9,Top Customers,1
667,19,2126,1,4,4,144,9,Top Customers,1
608,21,1531,1,4,4,144,9,Top Customers,1
286,5,64,3,1,1,311,5,Potential,2
245,4,26,3,1,1,311,5,Potential,2
450,28,1112,2,4,4,244,10,Top Customers,1
645,9,210,1,2,2,122,5,Potential,0
669,21,1148,1,4,4,144,9,Top Customers,1
624,4,33,1,1,1,111,3,At Risk,0
621,16,1101,1,3,4,134,8,Loyal Customers,1
615,12,322,1,2,2,122,5,Potential,0
390,6,44,2,1,1,211,4,At Risk,0
203,3,17,3,1,1,311,5,Potential,2
627,4,31,1,1,1,111,3,At Risk,0
403,22,845,2,4,3,243,9,Top Customers,1
12,11,275,4,2,2,422,8,Loyal Customers,2
583,3,25,1,1,1,111,3,At Risk,0
511,11,275,2,2,2,222,6,Potential,0
472,7,90,2,2,2,222,6,Potential,0
3,18,1495,4,3,4,434,11,Top Customers,3
622,7,184,1,2,2,122,5,Potential,0
375,12,981,2,2,3,223,7,Loyal Customers,3
268,6,67,3,1,1,311,5,Potential,2
645,12,1635,1,2,4,124,7,Loyal Customers,1
101,7,60,4,2,1,421,7,Loyal Customers,2
145,10,231,4,2,2,422,8,Loyal Customers,2
84,6,48,4,1,1,411,6,Potential,2
508,6,99,2,1,2,212,5,Potential,0
286,21,770,3,4,3,343,10,Top Customers,3
528,21,957,2,4,3,243,9,Top Customers,1
60,11,818,4,2,3,423,9,Top Customers,3
453,16,925,2,3,3,233,8,Loyal Customers,1
434,21,908,2,4,3,243,9,Top Customers,1
503,7,102,2,2,2,222,6,Potential,0
612,14,576,1,3,3,133,7,Loyal Customers,0
667,11,317,1,2,2,122,5,Potential,0
120,14,461,4,3,3,433,10,Top Customers,2
73,5,37,4,1,1,411,6,Potential,2
352,6,70,3,1,2,312,6,Potential,0
516,22,930,2,4,3,243,9,Top Customers,1
537,20,859,1,4,3,143,8,Loyal Customers,1
48,21,1478,4,4,4,444,12,Top Customers,3
381,13,390,2,3,2,232,7,Loyal Customers,0
360,4,52,2,1,1,211,4,At Risk,0
184,7,137,3,2,2,322,7,Loyal Customers,2
606,18,1919,1,3,4,134,8,Loyal Customers,1
165,6,68,4,1,1,411,6,Potential,2
474,3,25,2,1,1,211,4,At Risk,0
675,20,1374,1,4,4,144,9,Top Customers,1
479,4,32,2,1,1,211,4,At Risk,0
532,6,100,1,1,2,112,4,At Risk,0
533,11,825,1,2,3,123,6,Potential,0
104,23,916,4,4,3,443,11,Top Customers,3
74,7,62,4,2,1,421,7,Loyal Customers,2
260,20,728,3,4,3,343,10,Top Customers,3
120,6,90,4,1,2,412,7,Loyal Customers,2
77,10,273,4,2,2,422,8,Loyal Customers,2
184,7,66,3,2,1,321,6,Potential,2
458,22,1213,2,4,4,244,10,Top Customers,1
649,6,107,1,1,2,112,4,At Risk,0
116,17,1157,4,3,4,434,11,Top Customers,3
292,17,546,3,3,3,333,9,Top Customers,3
428,10,241,2,2,2,222,6,Potential,0
162,7,53,4,2,1,421,7,Loyal Customers,2
244,5,37,3,1,1,311,5,Potential,2
391,23,1611,2,4,4,244,10,Top Customers,1
508,22,1508,2,4,4,244,10,Top Customers,1
194,10,235,3,2,2,322,7,Loyal Customers,2
110,5,32,4,1,1,411,6,Potential,2
335,6,102,3,1,2,312,6,Potential,2
684,13,401,1,3,3,133,7,Loyal Customers,0
348,4,28,3,1,1,311,5,Potential,2
310,15,1052,3,3,4,334,10,Top Customers,3
528,18,680,2,3,3,233,8,Loyal Customers,1
363,3,30,2,1,1,211,4,At Risk,0
140,3,20,4,1,1,411,6,Potential,2
507,18,1307,2,3,4,234,9,Top Customers,1
534,18,630,1,3,3,133,7,Loyal Customers,1
359,17,1283,2,3,4,234,9,Top Customers,3
362,6,65,2,1,1,211,4,At Risk,0
234,4,37,3,1,1,311,5,Potential,2
416,4,38,2,1,1,211,4,At Risk,0
501,8,160,2,2,2,222,6,Potential,0
439,3,23,2,1,1,211,4,At Risk,0
291,5,71,3,1,2,312,6,Potential,2
452,17,1161,2,3,4,234,9,Top Customers,1
535,4,59,1,1,1,111,3,At Risk,0
364,5,33,2,1,1,211,4,At Risk,0
655,21,946,1,4,3,143,8,Loyal Customers,1
570,21,1442,1,4,4,144,9,Top Customers,1
594,4,62,1,1,1,111,3,At Risk,0
483,21,1674,2,4,4,244,10,Top Customers,1
276,14,1853,3,3,4,334,10,Top Customers,3
688,20,1538,1,4,4,144,9,Top Customers,1
204,7,139,3,2,2,322,7,Loyal Customers,2
583,17,1182,1,3,4,134,8,Loyal Customers,1
381,16,507,2,3,3,233,8,Loyal Customers,3
318,3,18,3,1,1,311,5,Potential,2
231,15,940,3,3,3,333,9,Top Customers,3
371,4,42,2,1,1,211,4,At Risk,0
13,14,1190,4,3,4,434,11,Top Customers,3
551,5,44,1,1,1,111,3,At Risk,0
177,3,16,4,1,1,411,6,Potential,2
194,22,835,3,4,3,343,10,Top Customers,3
535,20,1443,1,4,4,144,9,Top Customers,1
244,15,1029,3,3,3,333,9,Top Customers,3
610,17,1188,1,3,4,134,8,Loyal Customers,1
554,19,1277,1,4,4,144,9,Top Customers,1
212,5,49,3,1,1,311,5,Potential,2
414,6,99,2,1,2,212,5,Potential,0
564,14,1670,1,3,4,134,8,Loyal Customers,1
313,13,900,3,3,3,333,9,Top Customers,3
264,14,425,3,3,3,333,9,Top Customers,2
639,21,2153,1,4,4,144,9,Top Customers,1
99,18,636,4,3,3,433,10,Top Customers,3
125,7,57,4,2,1,421,7,Loyal Customers,2
583,3,25,1,1,1,111,3,At Risk,0
548,15,494,1,3,3,133,7,Loyal Customers,0
677,17,693,1,3,3,133,7,Loyal Customers,1
408,25,1348,2,4,4,244,10,Top Customers,1
470,5,51,2,1,1,211,4,At Risk,0
589,15,1932,1,3,4,134,8,Loyal Customers,1
575,14,990,1,3,3,133,7,Loyal Customers,1
68,4,30,4,1,1,411,6,Potential,2
609,10,254,1,2,2,122,5,Potential,0
304,4,29,3,1,1,311,5,Potential,2
595,19,1371,1,4,4,144,9,Top Customers,1
372,6,73,2,1,2,212,5,Potential,0
680,7,120,1,2,2,122,5,Potential,0
468,4,81,2,1,2,212,5,Potential,0
546,4,37,1,1,1,111,3,At Risk,0
270,18,1377,3,3,4,334,10,Top Customers,3
380,4,51,2,1,1,211,4,At Risk,0
537,3,17,1,1,1,111,3,At Risk,0
227,3,22,3,1,1,311,5,Potential,2
564,11,324,1,2,2,122,5,Potential,0
676,9,211,1,2,2,122,5,Potential,0
91,3,19,4,1,1,411,6,Potential,2
410,5,41,2,1,1,211,4,At Risk,0
256,14,492,3,3,3,333,9,Top Customers,3
632,22,1005,1,4,3,143,8,Loyal Customers,1
668,6,114,1,1,2,112,4,At Risk,0
417,16,1173,2,3,4,234,9,Top Customers,1
177,19,1738,4,4,4,444,12,Top Customers,3
202,10,222,3,2,2,322,7,Loyal Customers,2
56,15,1127,4,3,4,434,11,Top Customers,3
437,9,209,2,2,2,222,6,Potential,0
124,20,787,4,4,3,443,11,Top Customers,3
266,23,1598,3,4,4,344,11,Top Customers,3
652,8,186,1,2,2,122,5,Potential,0
667,4,47,1,1,1,111,3,At Risk,0
552,4,27,1,1,1,111,3,At Risk,0
597,7,96,1,2,2,122,5,Potential,0
463,6,64,2,1,1,211,4,At Risk,0
640,22,1040,1,4,3,143,8,Loyal Customers,1
318,8,163,3,2,2,322,7,Loyal Customers,2
475,10,343,2,2,2,222,6,Potential,0
250,15,446,3,3,3,333,9,Top Customers,3
20,4,41,4,1,1,411,6,Potential,2
668,6,70,1,1,2,112,4,At Risk,0
30,11,272,4,2,2,422,8,Loyal Customers,2
388,5,46,2,1,1,211,4,At Risk,0
620,16,490,1,3,3,133,7,Loyal Customers,0
589,6,79,1,2,2,122,5,Potential,0
597,13,915,1,3,3,133,7,Loyal Customers,1
456,32,1485,2,4,4,244,10,Top Customers,1
676,13,369,1,3,2,132,6,Potential,0
522,17,1073,2,3,4,234,9,Top Customers,1
90,18,1242,4,3,4,434,11,Top Customers,3
221,6,78,3,2,2,322,7,Loyal Customers,2
135,20,1378,4,4,4,444,12,Top Customers,3
492,25,1474,2,4,4,244,10,Top Customers,1
481,20,751,2,4,3,243,9,Top Customers,1
54,5,48,4,1,1,411,6,Potential,2
38,5,45,4,1,1,411,6,Potential,2
24,3,10,4,1,1,411,6,Potential,2
390,15,1435,2,3,4,234,9,Top Customers,1
442,22,2119,2,4,4,244,10,Top Customers,1
207,3,20,3,1,1,311,5,Potential,2
66,26,1795,4,4,4,444,12,Top Customers,3
85,17,1188,4,3,4,434,11,Top Customers,3
56,5,43,4,1,1,411,6,Potential,2
430,22,1008,2,4,3,243,9,Top Customers,1
416,15,1688,2,3,4,234,9,Top Customers,1
608,16,684,1,3,3,133,7,Loyal Customers,1
522,24,1082,2,4,4,244,10,Top Customers,1
216,24,1068,3,4,4,344,11,Top Customers,3
147,5,57,4,1,1,411,6,Potential,2
373,4,46,2,1,1,211,4,At Risk,0
190,20,733,3,4,3,343,10,Top Customers,3
295,15,467,3,3,3,333,9,Top Customers,3
311,7,122,3,2,2,322,7,Loyal Customers,2
507,5,36,2,1,1,211,4,At Risk,0
360,4,34,2,1,1,211,4,At Risk,0
191,8,156,3,2,2,322,7,Loyal Customers,2
327,3,14,3,1,1,311,5,Potential,2
546,4,37,1,1,1,111,3,At Risk,0
104,4,34,4,1,1,411,6,Potential,2
351,3,20,3,1,1,311,5,Potential,2
263,9,192,3,2,2,322,7,Loyal Customers,2
182,16,1379,3,3,4,334,10,Top Customers,3
385,5,48,2,1,1,211,4,At Risk,0
189,14,428,3,3,3,333,9,Top Customers,2
423,22,868,2,4,3,243,9,Top Customers,1
498,24,1001,2,4,3,243,9,Top Customers,1
255,6,59,3,2,1,321,6,Potential,2
210,14,431,3,3,3,333,9,Top Customers,2
660,24,971,1,4,3,143,8,Loyal Customers,1
678,12,348,1,2,2,122,5,Potential,0
652,23,2059,1,4,4,144,9,Top Customers,1
454,10,265,2,2,2,222,6,Potential,0
35,11,270,4,2,2,422,8,Loyal Customers,2
642,18,1289,1,3,4,134,8,Loyal Customers,1
179,12,893,4,2,3,423,9,Top Customers,3
280,21,926,3,4,3,343,10,Top Customers,3
152,7,135,4,2,2,422,8,Loyal Customers,2
3,18,1495,4,3,4,434,11,Top Customers,3
125,7,120,4,2,2,422,8,Loyal Customers,2
118,19,1288,4,4,4,444,12,Top Customers,3
432,16,1743,2,3,4,234,9,Top Customers,1
606,3,15,1,1,1,111,3,At Risk,0
115,17,542,4,3,3,433,10,Top Customers,3
683,22,890,1,4,3,143,8,Loyal Customers,1
459,29,1388,2,4,4,244,10,Top Customers,1
262,3,17,3,1,1,311,5,Potential,2
694,23,906,1,4,3,143,8,Loyal Customers,1
543,4,44,1,1,1,111,3,At Risk,0
42,4,25,4,1,1,411,6,Potential,2
496,22,973,2,4,3,243,9,Top Customers,1
51,4,31,4,1,1,411,6,Potential,2
37,16,518,4,3,3,433,10,Top Customers,3
614,15,530,1,3,3,133,7,Loyal Customers,0
606,14,506,1,3,3,133,7,Loyal Customers,0
181,5,70,3,1,2,312,6,Potential,2
322,5,54,3,1,1,311,5,Potential,2
679,10,296,1,2,2,122,5,Potential,0
242,11,266,3,2,2,322,7,Loyal Customers,2
627,18,747,1,3,3,133,7,Loyal Customers,1
653,28,895,1,4,3,143,8,Loyal Customers,1
227,15,1053,3,3,4,334,10,Top Customers,3
368,19,735,2,4,3,243,9,Top Customers,3
154,4,20,4,1,1,411,6,Potential,2
609,9,205,1,2,2,122,5,Potential,0
643,19,2092,1,4,4,144,9,Top Customers,1
573,12,309,1,2,2,122,5,Potential,0
492,21,1722,2,4,4,244,10,Top Customers,1
533,11,900,1,2,3,123,6,Potential,0
214,19,682,3,4,3,343,10,Top Customers,3
442,19,663,2,4,3,243,9,Top Customers,1
85,5,43,4,1,1,411,6,Potential,2
434,17,1816,2,3,4,234,9,Top Customers,1
38,24,976,4,4,3,443,11,Top Customers,3
452,20,746,2,4,3,243,9,Top Customers,1
692,4,64,1,1,1,111,3,At Risk,0
226,4,32,3,1,1,311,5,Potential,2
547,8,263,1,2,2,122,5,Potential,0
674,19,1445,1,4,4,144,9,Top Customers,1
373,4,46,2,1,1,211,4,At Risk,0
599,26,1210,1,4,4,144,9,Top Customers,1
209,23,945,3,4,3,343,10,Top Customers,3
345,21,1157,3,4,4,344,11,Top Customers,3
373,7,137,2,2,2,222,6,Potential,0
560,19,730,1,4,3,143,8,Loyal Customers,1
400,9,216,2,2,2,222,6,Potential,0
458,22,943,2,4,3,243,9,Top Customers,1
252,13,347,3,3,2,332,8,Loyal Customers,2
104,18,1924,4,3,4,434,11,Top Customers,3
414,13,397,2,3,3,233,8,Loyal Customers,0
441,21,2089,2,4,4,244,10,Top Customers,1
511,7,138,2,2,2,222,6,Potential,0
364,4,42,2,1,1,211,4,At Risk,0
310,16,777,3,3,3,333,9,Top Customers,3
120,19,1902,4,4,4,444,12,Top Customers,3
153,5,52,4,1,1,411,6,Potential,2
120,12,1651,4,2,4,424,10,Top Customers,3
317,12,358,3,2,2,322,7,Loyal Customers,2
637,15,1727,1,3,4,134,8,Loyal Customers,1
659,7,210,1,2,2,122,5,Potential,0
572,4,42,1,1,1,111,3,At Risk,0
214,19,1291,3,4,4,344,11,Top Customers,3
21,14,442,4,3,3,433,10,Top Customers,2
686,16,1895,1,3,4,134,8,Loyal Customers,1
238,13,411,3,3,3,333,9,Top Customers,2
499,15,521,2,3,3,233,8,Loyal Customers,0
284,16,1168,3,3,4,334,10,Top Customers,3
11,16,493,4,3,3,433,10,Top Customers,3
431,10,260,2,2,2,222,6,Potential,0
377,5,46,2,1,1,211,4,At Risk,0
444,12,319,2,2,2,222,6,Potential,0
162,6,96,4,2,2,422,8,Loyal Customers,2
134,15,1062,4,3,4,434,11,Top Customers,3
325,10,232,3,2,2,322,7,Loyal Customers,2
188,6,76,3,2,2,322,7,Loyal Customers,2
234,6,54,3,2,1,321,6,Potential,2
692,9,201,1,2,2,122,5,Potential,0
578,12,406,1,2,3,123,6,Potential,0
326,19,1919,3,4,4,344,11,Top Customers,1
390,18,662,2,3,3,233,8,Loyal Customers,3
113,6,41,4,2,1,421,7,Loyal Customers,2
173,13,1600,4,3,4,434,11,Top Customers,3
208,7,134,3,2,2,322,7,Loyal Customers,2
154,6,69,4,2,2,422,8,Loyal Customers,2
92,4,21,4,1,1,411,6,Potential,2
90,5,54,4,1,1,411,6,Potential,2
82,6,91,4,2,2,422,8,Loyal Customers,2
142,16,526,4,3,3,433,10,Top Customers,3
437,7,162,2,2,2,222,6,Potential,0
235,24,1008,3,4,3,343,10,Top Customers,3
655,10,240,1,2,2,122,5,Potential,0
485,19,795,2,4,3,243,9,Top Customers,1
450,18,1772,2,3,4,234,9,Top Customers,1
330,6,64,3,2,1,321,6,Potential,2
403,19,1957,2,4,4,244,10,Top Customers,1
293,6,78,3,2,2,322,7,Loyal Customers,2
378,19,1572,2,4,4,244,10,Top Customers,1
369,24,795,2,4,3,243,9,Top Customers,3
165,21,889,4,4,3,443,11,Top Customers,3
236,12,331,3,2,2,322,7,Loyal Customers,2
22,10,265,4,2,2,422,8,Loyal Customers,2
571,15,1065,1,3,4,134,8,Loyal Customers,1
295,3,11,3,1,1,311,5,Potential,2
359,3,21,2,1,1,211,4,At Risk,0
569,3,17,1,1,1,111,3,At Risk,0
655,11,369,1,2,2,122,5,Potential,0
153,4,38,4,1,1,411,6,Potential,2
289,8,177,3,2,2,322,7,Loyal Customers,2
332,11,279,3,2,2,322,7,Loyal Customers,0
270,5,62,3,1,1,311,5,Potential,2
514,18,1230,2,3,4,234,9,Top Customers,1
89,8,182,4,2,2,422,8,Loyal Customers,2
310,6,49,3,2,1,321,6,Potential,2
286,6,75,3,2,2,322,7,Loyal Customers,2
355,10,227,3,2,2,322,7,Loyal Customers,0
596,10,215,1,2,2,122,5,Potential,0
468,13,444,2,3,3,233,8,Loyal Customers,0
252,4,47,3,1,1,311,5,Potential,2
440,6,143,2,2,2,222,6,Potential,0
87,5,55,4,1,1,411,6,Potential,2
72,7,63,4,2,1,421,7,Loyal Customers,2
644,21,1867,1,4,4,144,9,Top Customers,1
288,18,611,3,3,3,333,9,Top Customers,3
43,15,473,4,3,3,433,10,Top Customers,3
313,5,55,3,1,1,311,5,Potential,2
625,5,81,1,1,2,112,4,At Risk,0
564,21,2086,1,4,4,144,9,Top Customers,1
231,19,1478,3,4,4,344,11,Top Customers,3
150,4,49,4,1,1,411,6,Potential,2
291,14,382,3,3,2,332,8,Loyal Customers,2
283,6,69,3,2,2,322,7,Loyal Customers,2
611,5,67,1,1,1,111,3,At Risk,0
253,4,30,3,1,1,311,5,Potential,2
390,6,63,2,2,1,221,5,Potential,0
681,7,79,1,2,2,122,5,Potential,0
493,4,42,2,1,1,211,4,At Risk,0
667,20,819,1,4,3,143,8,Loyal Customers,1
285,16,1151,3,3,4,334,10,Top Customers,3
567,17,594,1,3,3,133,7,Loyal Customers,1
519,7,129,2,2,2,222,6,Potential,0
547,8,213,1,2,2,122,5,Potential,0
138,5,67,4,1,1,411,6,Potential,2
475,4,28,2,1,1,211,4,At Risk,0
611,4,45,1,1,1,111,3,At Risk,0
53,17,1193,4,3,4,434,11,Top Customers,3
314,10,268,3,2,2,322,7,Loyal Customers,2
346,11,266,3,2,2,322,7,Loyal Customers,0
565,4,37,1,1,1,111,3,At Risk,0
244,5,37,3,1,1,311,5,Potential,2
597,22,882,1,4,3,143,8,Loyal Customers,1
338,13,373,3,3,2,332,8,Loyal Customers,0
419,4,35,2,1,1,211,4,At Risk,0
391,1,107,2,1,2,212,5,Potential,0
468,4,42,2,1,1,211,4,At Risk,0
681,12,326,1,2,2,122,5,Potential,0
353,14,404,3,3,3,333,9,Top Customers,0
350,5,95,3,1,2,312,6,Potential,2
111,13,939,4,3,3,433,10,Top Customers,3
183,4,33,3,1,1,311,5,Potential,2
391,20,981,2,4,3,243,9,Top Customers,1
525,5,36,2,1,1,211,4,At Risk,0
391,19,1237,2,4,4,244,10,Top Customers,1
646,27,1825,1,4,4,144,9,Top Customers,1
661,6,103,1,2,2,122,5,Potential,0
558,9,191,1,2,2,122,5,Potential,0
222,23,1586,3,4,4,344,11,Top Customers,3
16,13,963,4,3,3,433,10,Top Customers,3
165,21,889,4,4,3,443,11,Top Customers,3
134,6,93,4,2,2,422,8,Loyal Customers,2
437,20,1587,2,4,4,244,10,Top Customers,1
111,3,16,4,1,1,411,6,Potential,2
390,31,1375,2,4,4,244,10,Top Customers,1
537,13,393,1,3,2,132,6,Potential,0
639,21,1477,1,4,4,144,9,Top Customers,1
235,16,1179,3,3,4,334,10,Top Customers,3
632,22,1005,1,4,3,143,8,Loyal Customers,1
47,20,1348,4,4,4,444,12,Top Customers,3
546,19,1307,1,4,4,144,9,Top Customers,1
418,13,486,2,3,3,233,8,Loyal Customers,0
476,12,2252,2,2,4,224,8,Loyal Customers,1
315,10,235,3,2,2,322,7,Loyal Customers,2
524,30,1724,2,4,4,244,10,Top Customers,1
198,10,235,3,2,2,322,7,Loyal Customers,2
37,25,1092,4,4,4,444,12,Top Customers,3
286,15,599,3,3,3,333,9,Top Customers,3
132,19,2008,4,4,4,444,12,Top Customers,3
671,4,48,1,1,1,111,3,At Risk,0
686,27,1174,1,4,4,144,9,Top Customers,1
77,6,67,4,2,1,421,7,Loyal Customers,2
695,13,365,1,3,2,132,6,Potential,0
142,0,6,4,1,1,411,6,Potential,2
176,8,165,4,2,2,422,8,Loyal Customers,2
645,9,210,1,2,2,122,5,Potential,0
302,25,1095,3,4,4,344,11,Top Customers,3
251,8,223,3,2,2,322,7,Loyal Customers,2
569,18,597,1,3,3,133,7,Loyal Customers,1
227,3,22,3,1,1,311,5,Potential,2
186,23,1064,3,4,4,344,11,Top Customers,3
660,5,74,1,1,2,112,4,At Risk,0
544,4,26,1,1,1,111,3,At Risk,0
548,4,60,1,1,1,111,3,At Risk,0
409,3,20,2,1,1,211,4,At Risk,0
277,5,59,3,1,1,311,5,Potential,2
416,4,34,2,1,1,211,4,At Risk,0
234,9,198,3,2,2,322,7,Loyal Customers,2
335,25,1048,3,4,4,344,11,Top Customers,3
233,16,574,3,3,3,333,9,Top Customers,3
655,13,1029,1,3,3,133,7,Loyal Customers,1
195,18,670,3,3,3,333,9,Top Customers,3
575,14,990,1,3,3,133,7,Loyal Customers,1
38,3,11,4,1,1,411,6,Potential,2
607,18,1241,1,3,4,134,8,Loyal Customers,1
178,16,576,4,3,3,433,10,Top Customers,3
378,8,172,2,2,2,222,6,Potential,0
188,19,664,3,4,3,343,10,Top Customers,3
254,21,928,3,4,3,343,10,Top Customers,3
668,29,2074,1,4,4,144,9,Top Customers,1
339,14,467,3,3,3,333,9,Top Customers,0
248,10,257,3,2,2,322,7,Loyal Customers,2
192,16,1146,3,3,4,334,10,Top Customers,3
479,18,689,2,3,3,233,8,Loyal Customers,1
655,21,2114,1,4,4,144,9,Top Customers,1
694,29,1717,1,4,4,144,9,Top Customers,1
44,20,1346,4,4,4,444,12,Top Customers,3
272,14,1044,3,3,3,333,9,Top Customers,3
633,16,493,1,3,3,133,7,Loyal Customers,0
308,12,957,3,2,3,323,8,Loyal Customers,3
352,9,270,3,2,2,322,7,Loyal Customers,0
239,4,29,3,1,1,311,5,Potential,2
396,6,121,2,2,2,222,6,Potential,0
338,7,126,3,2,2,322,7,Loyal Customers,2
95,3,23,4,1,1,411,6,Potential,2
447,5,57,2,1,1,211,4,At Risk,0
238,18,636,3,3,3,333,9,Top Customers,3
81,27,1004,4,4,3,443,11,Top Customers,3
285,17,734,3,3,3,333,9,Top Customers,3
109,18,614,4,3,3,433,10,Top Customers,3
138,18,1453,4,3,4,434,11,Top Customers,3
61,14,1621,4,3,4,434,11,Top Customers,3
185,9,187,3,2,2,322,7,Loyal Customers,2
535,20,1443,1,4,4,144,9,Top Customers,1
2,5,57,4,1,1,411,6,Potential,2
445,18,637,2,3,3,233,8,Loyal Customers,1
220,11,948,3,2,3,323,8,Loyal Customers,3
535,4,59,1,1,1,111,3,At Risk,0
352,3,18,3,1,1,311,5,Potential,2
616,22,903,1,4,3,143,8,Loyal Customers,1
494,6,112,2,2,2,222,6,Potential,0
411,17,596,2,3,3,233,8,Loyal Customers,1
326,10,233,3,2,2,322,7,Loyal Customers,2
569,10,1511,1,2,4,124,7,Loyal Customers,1
644,16,1152,1,3,4,134,8,Loyal Customers,1
503,5,48,2,1,1,211,4,At Risk,0
455,25,1185,2,4,4,244,10,Top Customers,1
92,3,21,4,1,1,411,6,Potential,2
557,14,965,1,3,3,133,7,Loyal Customers,1
423,20,869,2,4,3,243,9,Top Customers,1
37,4,16,4,1,1,411,6,Potential,2
501,15,1947,2,3,4,234,9,Top Customers,1
697,7,71,1,2,2,122,5,Potential,0
21,5,65,4,1,1,411,6,Potential,2
218,23,1380,3,4,4,344,11,Top Customers,3
155,22,1027,4,4,3,443,11,Top Customers,3
261,14,411,3,3,3,333,9,Top Customers,2
440,25,836,2,4,3,243,9,Top Customers,1
275,3,11,3,1,1,311,5,Potential,2
691,15,480,1,3,3,133,7,Loyal Customers,0
382,16,606,2,3,3,233,8,Loyal Customers,3
256,11,284,3,2,2,322,7,Loyal Customers,2
263,11,1472,3,2,4,324,9,Top Customers,3
61,25,1677,4,4,4,444,12,Top Customers,3
457,17,1335,2,3,4,234,9,Top Customers,1
26,12,334,4,2,2,422,8,Loyal Customers,2
468,3,18,2,1,1,211,4,At Risk,0
689,18,1338,1,3,4,134,8,Loyal Customers,1
463,26,1099,2,4,4,244,10,Top Customers,1
480,6,97,2,2,2,222,6,Potential,0
179,6,63,4,2,1,421,7,Loyal Customers,2
332,7,109,3,2,2,322,7,Loyal Customers,2
155,20,902,4,4,3,443,11,Top Customers,3
413,19,1574,2,4,4,244,10,Top Customers,1
202,6,38,3,2,1,321,6,Potential,2
112,23,960,4,4,3,443,11,Top Customers,3
287,3,28,3,1,1,311,5,Potential,2
151,27,1215,4,4,4,444,12,Top Customers,3
180,21,1497,4,4,4,444,12,Top Customers,3
269,15,449,3,3,3,333,9,Top Customers,3
186,23,1064,3,4,4,344,11,Top Customers,3
486,24,1757,2,4,4,244,10,Top Customers,1
58,20,1440,4,4,4,444,12,Top Customers,3
505,23,1006,2,4,3,243,9,Top Customers,1
687,18,1226,1,3,4,134,8,Loyal Customers,1
283,15,1171,3,3,4,334,10,Top Customers,3
471,6,92,2,2,2,222,6,Potential,0
84,7,99,4,2,2,422,8,Loyal Customers,2
269,6,66,3,2,1,321,6,Potential,2
66,17,564,4,3,3,433,10,Top Customers,3
244,20,1427,3,4,4,344,11,Top Customers,3
415,5,86,2,1,2,212,5,Potential,0
38,18,833,4,3,3,433,10,Top Customers,3
428,9,242,2,2,2,222,6,Potential,0
656,16,1869,1,3,4,134,8,Loyal Customers,1
662,28,1364,1,4,4,144,9,Top Customers,1
301,7,183,3,2,2,322,7,Loyal Customers,2
399,14,450,2,3,3,233,8,Loyal Customers,0
361,19,758,2,4,3,243,9,Top Customers,3
199,19,1507,3,4,4,344,11,Top Customers,3
431,17,654,2,3,3,233,8,Loyal Customers,1
442,6,81,2,2,2,222,6,Potential,0
568,1,137,1,1,2,112,4,At Risk,0
480,3,16,2,1,1,211,4,At Risk,0
303,6,93,3,2,2,322,7,Loyal Customers,2
154,17,1158,4,3,4,434,11,Top Customers,3
193,4,43,3,1,1,311,5,Potential,2
290,20,1525,3,4,4,344,11,Top Customers,3
85,18,1230,4,3,4,434,11,Top Customers,3
76,4,29,4,1,1,411,6,Potential,2
49,4,25,4,1,1,411,6,Potential,2
102,3,24,4,1,1,411,6,Potential,2
376,4,38,2,1,1,211,4,At Risk,0
608,5,57,1,1,1,111,3,At Risk,0
134,7,47,4,2,1,421,7,Loyal Customers,2
543,18,813,1,3,3,133,7,Loyal Customers,1
31,16,629,4,3,3,433,10,Top Customers,3
659,13,377,1,3,2,132,6,Potential,0
530,13,1612,1,3,4,134,8,Loyal Customers,1
599,16,729,1,3,3,133,7,Loyal Customers,1
345,5,50,3,1,1,311,5,Potential,2
243,11,270,3,2,2,322,7,Loyal Customers,2
450,7,177,2,2,2,222,6,Potential,0
525,12,315,2,2,2,222,6,Potential,0
1,20,767,4,4,3,443,11,Top Customers,3
614,23,1071,1,4,4,144,9,Top Customers,1
484,23,1580,2,4,4,244,10,Top Customers,1
197,7,60,3,2,1,321,6,Potential,2
198,17,573,3,3,3,333,9,Top Customers,3
460,4,41,2,1,1,211,4,At Risk,0
526,7,170,2,2,2,222,6,Potential,0
236,27,1167,3,4,4,344,11,Top Customers,3
449,22,1526,2,4,4,244,10,Top Customers,1
237,15,458,3,3,3,333,9,Top Customers,3
98,5,63,4,1,1,411,6,Potential,2
251,13,405,3,3,3,333,9,Top Customers,2
464,13,1027,2,3,3,233,8,Loyal Customers,1
449,20,1478,2,4,4,244,10,Top Customers,1
256,4,72,3,1,2,312,6,Potential,2
435,5,48,2,1,1,211,4,At Risk,0
29,15,726,4,3,3,433,10,Top Customers,3
510,21,860,2,4,3,243,9,Top Customers,1
218,22,1497,3,4,4,344,11,Top Customers,3
48,16,495,4,3,3,433,10,Top Customers,3
109,3,20,4,1,1,411,6,Potential,2
582,16,570,1,3,3,133,7,Loyal Customers,1
92,20,769,4,4,3,443,11,Top Customers,3
301,5,55,3,1,1,311,5,Potential,2
420,17,1808,2,3,4,234,9,Top Customers,1
325,5,55,3,1,1,311,5,Potential,2
14,17,577,4,3,3,433,10,Top Customers,3
437,7,162,2,2,2,222,6,Potential,0
403,19,1957,2,4,4,244,10,Top Customers,1
439,23,1576,2,4,4,244,10,Top Customers,1
418,14,1616,2,3,4,234,9,Top Customers,1
533,4,36,1,1,1,111,3,At Risk,0
414,21,1482,2,4,4,244,10,Top Customers,1
120,4,22,4,1,1,411,6,Potential,2
219,5,63,3,1,1,311,5,Potential,2
657,17,680,1,3,3,133,7,Loyal Customers,1
420,17,542,2,3,3,233,8,Loyal Customers,1
270,5,50,3,1,1,311,5,Potential,2
500,4,39,2,1,1,211,4,At Risk,0
457,23,1043,2,4,3,243,9,Top Customers,1
430,12,385,2,2,2,222,6,Potential,0
644,26,1633,1,4,4,144,9,Top Customers,1
362,4,46,2,1,1,211,4,At Risk,0
100,18,761,4,3,3,433,10,Top Customers,3
328,6,76,3,2,2,322,7,Loyal Customers,2
577,11,290,1,2,2,122,5,Potential,0
48,7,89,4,2,2,422,8,Loyal Customers,2
596,7,70,1,2,2,122,5,Potential,0
337,16,1066,3,3,4,334,10,Top Customers,3
167,18,2009,4,3,4,434,11,Top Customers,3
638,17,1345,1,3,4,134,8,Loyal Customers,1
552,20,764,1,4,3,143,8,Loyal Customers,1
249,9,195,3,2,2,322,7,Loyal Customers,2
415,7,53,2,2,1,221,5,Potential,0
381,11,368,2,2,2,222,6,Potential,0
169,17,544,4,3,3,433,10,Top Customers,3
600,24,1853,1,4,4,144,9,Top Customers,1
34,4,35,4,1,1,411,6,Potential,2
104,15,446,4,3,3,433,10,Top Customers,3
454,24,1180,2,4,4,244,10,Top Customers,1
117,4,41,4,1,1,411,6,Potential,2
495,19,727,2,4,3,243,9,Top Customers,1
633,4,40,1,1,1,111,3,At Risk,0
420,25,1062,2,4,4,244,10,Top Customers,1
154,5,40,4,1,1,411,6,Potential,2
134,11,292,4,2,2,422,8,Loyal Customers,2
536,3,15,1,1,1,111,3,At Risk,0
633,11,341,1,2,2,122,5,Potential,0
194,11,369,3,2,2,322,7,Loyal Customers,2
383,14,401,2,3,3,233,8,Loyal Customers,0
460,14,393,2,3,2,232,7,Loyal Customers,0
278,3,10,3,1,1,311,5,Potential,2
419,13,486,2,3,3,233,8,Loyal Customers,0
620,5,69,1,1,2,112,4,At Risk,0
274,16,1727,3,3,4,334,10,Top Customers,3
174,14,995,4,3,3,433,10,Top Customers,3
18,7,45,4,2,1,421,7,Loyal Customers,2
86,8,182,4,2,2,422,8,Loyal Customers,2
266,22,989,3,4,3,343,10,Top Customers,3
285,17,1677,3,3,4,334,10,Top Customers,3
364,16,595,2,3,3,233,8,Loyal Customers,3
500,7,156,2,2,2,222,6,Potential,0
85,27,1226,4,4,4,444,12,Top Customers,3
528,7,128,2,2,2,222,6,Potential,0
139,6,86,4,2,2,422,8,Loyal Customers,2
621,5,68,1,1,1,111,3,At Risk,0
341,3,16,3,1,1,311,5,Potential,2
10,5,55,4,1,1,411,6,Potential,2
655,21,2114,1,4,4,144,9,Top Customers,1
362,18,2018,2,3,4,234,9,Top Customers,1
580,11,263,1,2,2,122,5,Potential,0
200,5,55,3,1,1,311,5,Potential,2
454,16,564,2,3,3,233,8,Loyal Customers,0
195,18,1281,3,3,4,334,10,Top Customers,3
505,5,83,2,1,2,212,5,Potential,0
659,12,353,1,2,2,122,5,Potential,0
166,24,1003,4,4,3,443,11,Top Customers,3
60,3,14,4,1,1,411,6,Potential,2
513,22,902,2,4,3,243,9,Top Customers,1
564,23,1139,1,4,4,144,9,Top Customers,1
326,19,797,3,4,3,343,10,Top Customers,3
157,23,1638,4,4,4,444,12,Top Customers,3
322,14,401,3,3,3,333,9,Top Customers,0
250,7,84,3,2,2,322,7,Loyal Customers,2
508,17,928,2,3,3,233,8,Loyal Customers,1
317,9,203,3,2,2,322,7,Loyal Customers,2
350,15,858,3,3,3,333,9,Top Customers,3
207,12,409,3,2,3,323,8,Loyal Customers,2
462,11,282,2,2,2,222,6,Potential,0
81,17,1423,4,3,4,434,11,Top Customers,3
220,18,1449,3,3,4,334,10,Top Customers,3
209,3,28,3,1,1,311,5,Potential,2
176,5,67,4,1,1,411,6,Potential,2
111,9,199,4,2,2,422,8,Loyal Customers,2
365,21,1453,2,4,4,244,10,Top Customers,1
234,18,1253,3,3,4,334,10,Top Customers,3
520,25,1198,2,4,4,244,10,Top Customers,1
350,8,178,3,2,2,322,7,Loyal Customers,0
573,17,1990,1,3,4,134,8,Loyal Customers,1
414,13,976,2,3,3,233,8,Loyal Customers,1
185,14,1001,3,3,3,333,9,Top Customers,3
326,19,1919,3,4,4,344,11,Top Customers,1
224,12,350,3,2,2,322,7,Loyal Customers,2
407,24,1650,2,4,4,244,10,Top Customers,1
77,4,46,4,1,1,411,6,Potential,2
438,18,1228,2,3,4,234,9,Top Customers,1
521,6,95,2,2,2,222,6,Potential,0
56,6,62,4,2,1,421,7,Loyal Customers,2
42,25,1761,4,4,4,444,12,Top Customers,3
667,13,467,1,3,3,133,7,Loyal Customers,0
139,18,1149,4,3,4,434,11,Top Customers,3
181,18,2052,3,3,4,334,10,Top Customers,3
56,15,1127,4,3,4,434,11,Top Customers,3
224,20,1416,3,4,4,344,11,Top Customers,3
82,19,1113,4,4,4,444,12,Top Customers,3
139,6,125,4,2,2,422,8,Loyal Customers,2
686,23,966,1,4,3,143,8,Loyal Customers,1
554,4,32,1,1,1,111,3,At Risk,0
38,18,833,4,3,3,433,10,Top Customers,3
35,6,46,4,2,1,421,7,Loyal Customers,2
248,16,960,3,3,3,333,9,Top Customers,3
403,27,1829,2,4,4,244,10,Top Customers,1
350,23,779,3,4,3,343,10,Top Customers,3
324,21,811,3,4,3,343,10,Top Customers,3
384,14,1120,2,3,4,234,9,Top Customers,1
344,18,725,3,3,3,333,9,Top Customers,3
397,11,1187,2,2,4,224,8,Loyal Customers,1
482,18,2302,2,3,4,234,9,Top Customers,1
554,6,66,1,2,1,121,4,At Risk,0
636,18,1250,1,3,4,134,8,Loyal Customers,1
133,17,683,4,3,3,433,10,Top Customers,3
272,11,305,3,2,2,322,7,Loyal Customers,2
205,5,50,3,1,1,311,5,Potential,2
636,14,995,1,3,3,133,7,Loyal Customers,1
50,5,41,4,1,1,411,6,Potential,2
52,6,77,4,2,2,422,8,Loyal Customers,2
516,8,171,2,2,2,222,6,Potential,0
414,6,131,2,2,2,222,6,Potential,0
49,4,54,4,1,1,411,6,Potential,2
504,7,53,2,2,1,221,5,Potential,0
575,13,475,1,3,3,133,7,Loyal Customers,0
681,18,694,1,3,3,133,7,Loyal Customers,1
53,6,96,4,2,2,422,8,Loyal Customers,2
428,12,361,2,2,2,222,6,Potential,0
646,24,1079,1,4,4,144,9,Top Customers,1
53,17,578,4,3,3,433,10,Top Customers,3
546,5,64,1,1,1,111,3,At Risk,0
258,8,149,3,2,2,322,7,Loyal Customers,2
4,10,231,4,2,2,422,8,Loyal Customers,2
290,18,728,3,3,3,333,9,Top Customers,3
314,22,1778,3,4,4,344,11,Top Customers,3
625,7,93,1,2,2,122,5,Potential,0
442,3,23,2,1,1,211,4,At Risk,0
624,18,662,1,3,3,133,7,Loyal Customers,1
147,17,1198,4,3,4,434,11,Top Customers,3
528,7,81,2,2,2,222,6,Potential,0
594,7,92,1,2,2,122,5,Potential,0
224,15,491,3,3,3,333,9,Top Customers,3
623,23,1564,1,4,4,144,9,Top Customers,1
146,23,926,4,4,3,443,11,Top Customers,3
697,18,1910,1,3,4,134,8,Loyal Customers,1
261,14,411,3,3,3,333,9,Top Customers,2
177,6,94,4,2,2,422,8,Loyal Customers,2
290,23,1085,3,4,4,344,11,Top Customers,3
352,3,23,3,1,1,311,5,Potential,2
7,0,6,4,1,1,411,6,Potential,2
326,5,54,3,1,1,311,5,Potential,2
258,26,1150,3,4,4,344,11,Top Customers,3
318,22,1415,3,4,4,344,11,Top Customers,3
312,14,405,3,3,3,333,9,Top Customers,2
216,18,1908,3,3,4,334,10,Top Customers,3
247,25,2486,3,4,4,344,11,Top Customers,3
413,26,1315,2,4,4,244,10,Top Customers,1
0,5,45,4,1,1,411,6,Potential,2
100,16,1789,4,3,4,434,11,Top Customers,3
577,3,19,1,1,1,111,3,At Risk,0
667,17,573,1,3,3,133,7,Loyal Customers,1
131,20,805,4,4,3,443,11,Top Customers,3
7,6,108,4,2,2,422,8,Loyal Customers,2
95,3,23,4,1,1,411,6,Potential,2
232,22,1493,3,4,4,344,11,Top Customers,3
124,6,89,4,2,2,422,8,Loyal Customers,2
320,22,936,3,4,3,343,10,Top Customers,3
238,12,343,3,2,2,322,7,Loyal Customers,2
657,19,528,1,4,3,143,8,Loyal Customers,1
263,11,1901,3,2,4,324,9,Top Customers,3
459,17,724,2,3,3,233,8,Loyal Customers,1
501,5,58,2,1,1,211,4,At Risk,0
408,11,297,2,2,2,222,6,Potential,0
512,15,488,2,3,3,233,8,Loyal Customers,0
601,21,859,1,4,3,143,8,Loyal Customers,1
413,19,1574,2,4,4,244,10,Top Customers,1
154,6,69,4,2,2,422,8,Loyal Customers,2
415,3,17,2,1,1,211,4,At Risk,0
673,20,2194,1,4,4,144,9,Top Customers,1
169,7,116,4,2,2,422,8,Loyal Customers,2
479,11,279,2,2,2,222,6,Potential,0
657,6,103,1,2,2,122,5,Potential,0
72,6,44,4,2,1,421,7,Loyal Customers,2
71,14,406,4,3,3,433,10,Top Customers,2
83,19,1363,4,4,4,444,12,Top Customers,3
397,10,236,2,2,2,222,6,Potential,0
542,4,39,1,1,1,111,3,At Risk,0
494,7,137,2,2,2,222,6,Potential,0
10,7,79,4,2,2,422,8,Loyal Customers,2
357,5,63,2,1,1,211,4,At Risk,0
482,18,1314,2,3,4,234,9,Top Customers,1
5,5,71,4,1,2,412,7,Loyal Customers,2
603,5,58,1,1,1,111,3,At Risk,0
447,18,702,2,3,3,233,8,Loyal Customers,1
312,6,94,3,2,2,322,7,Loyal Customers,2
516,5,80,2,1,2,212,5,Potential,0
332,4,22,3,1,1,311,5,Potential,2
602,27,1211,1,4,4,144,9,Top Customers,1
365,21,1461,2,4,4,244,10,Top Customers,1
528,19,1968,2,4,4,244,10,Top Customers,1
4,15,1091,4,3,4,434,11,Top Customers,3
523,4,55,2,1,1,211,4,At Risk,0
48,18,1366,4,3,4,434,11,Top Customers,3
669,11,313,1,2,2,122,5,Potential,0
123,7,62,4,2,1,421,7,Loyal Customers,2
284,6,92,3,2,2,322,7,Loyal Customers,2
91,5,72,4,1,2,412,7,Loyal Customers,2
396,17,655,2,3,3,233,8,Loyal Customers,3
67,16,704,4,3,3,433,10,Top Customers,3
603,5,54,1,1,1,111,3,At Risk,0
649,1,178,1,1,2,112,4,At Risk,0
37,13,1033,4,3,3,433,10,Top Customers,3
334,4,36,3,1,1,311,5,Potential,2
624,7,122,1,2,2,122,5,Potential,0
277,6,122,3,2,2,322,7,Loyal Customers,2
259,26,1123,3,4,4,344,11,Top Customers,3
593,12,497,1,2,3,123,6,Potential,0
359,19,691,2,4,3,243,9,Top Customers,3
83,19,1363,4,4,4,444,12,Top Customers,3
24,3,12,4,1,1,411,6,Potential,2
498,24,2440,2,4,4,244,10,Top Customers,1
500,5,56,2,1,1,211,4,At Risk,0
450,4,37,2,1,1,211,4,At Risk,0
632,20,968,1,4,3,143,8,Loyal Customers,1
669,11,270,1,2,2,122,5,Potential,0
324,11,278,3,2,2,322,7,Loyal Customers,2
579,21,1250,1,4,4,144,9,Top Customers,1
455,16,938,2,3,3,233,8,Loyal Customers,1
636,17,1178,1,3,4,134,8,Loyal Customers,1
339,24,1155,3,4,4,344,11,Top Customers,3
535,18,653,1,3,3,133,7,Loyal Customers,1
41,4,49,4,1,1,411,6,Potential,2
79,16,506,4,3,3,433,10,Top Customers,3
655,5,38,1,1,1,111,3,At Risk,0
59,22,1650,4,4,4,444,12,Top Customers,3
695,25,1826,1,4,4,144,9,Top Customers,1
694,3,18,1,1,1,111,3,At Risk,0
117,23,906,4,4,3,443,11,Top Customers,3
35,6,46,4,2,1,421,7,Loyal Customers,2
573,19,1477,1,4,4,144,9,Top Customers,1
576,20,766,1,4,3,143,8,Loyal Customers,1
125,5,47,4,1,1,411,6,Potential,2
346,13,467,3,3,3,333,9,Top Customers,0
361,20,2116,2,4,4,244,10,Top Customers,1
424,24,1298,2,4,4,244,10,Top Customers,1
313,4,22,3,1,1,311,5,Potential,2
158,13,396,4,3,2,432,9,Top Customers,2
433,3,20,2,1,1,211,4,At Risk,0
104,12,967,4,2,3,423,9,Top Customers,3
589,13,357,1,3,2,132,6,Potential,0
676,15,1401,1,3,4,134,8,Loyal Customers,1
316,3,15,3,1,1,311,5,Potential,2
512,19,2087,2,4,4,244,10,Top Customers,1
510,22,981,2,4,3,243,9,Top Customers,1
260,4,17,3,1,1,311,5,Potential,2
541,22,523,1,4,3,143,8,Loyal Customers,1
57,3,23,4,1,1,411,6,Potential,2
104,16,1192,4,3,4,434,11,Top Customers,3
31,19,1958,4,4,4,444,12,Top Customers,3
64,7,133,4,2,2,422,8,Loyal Customers,2
310,16,777,3,3,3,333,9,Top Customers,3
372,6,73,2,2,2,222,6,Potential,0
109,7,121,4,2,2,422,8,Loyal Customers,2
326,14,424,3,3,3,333,9,Top Customers,0
27,12,868,4,2,3,423,9,Top Customers,3
606,14,756,1,3,3,133,7,Loyal Customers,1
432,3,12,2,1,1,211,4,At Risk,0
543,23,937,1,4,3,143,8,Loyal Customers,1
264,17,1862,3,3,4,334,10,Top Customers,3
405,12,367,2,2,2,222,6,Potential,0
331,14,443,3,3,3,333,9,Top Customers,0
246,11,267,3,2,2,322,7,Loyal Customers,2
97,5,61,4,1,1,411,6,Potential,2
226,20,1323,3,4,4,344,11,Top Customers,3
10,5,63,4,1,1,411,6,Potential,2
330,6,64,3,2,1,321,6,Potential,2
150,17,562,4,3,3,433,10,Top Customers,3
29,12,312,4,2,2,422,8,Loyal Customers,2
489,15,1156,2,3,4,234,9,Top Customers,1
485,15,1104,2,3,4,234,9,Top Customers,1
140,3,16,4,1,1,411,6,Potential,2
132,19,2008,4,4,4,444,12,Top Customers,3
303,6,44,3,2,1,321,6,Potential,2
305,11,1574,3,2,4,324,9,Top Customers,3
256,4,63,3,1,1,311,5,Potential,2
282,11,426,3,2,3,323,8,Loyal Customers,2
529,5,96,2,1,2,212,5,Potential,0
290,18,635,3,3,3,333,9,Top Customers,3
266,20,757,3,4,3,343,10,Top Customers,3
584,7,125,1,2,2,122,5,Potential,0
408,11,332,2,2,2,222,6,Potential,0
187,7,135,3,2,2,322,7,Loyal Customers,2
588,12,330,1,2,2,122,5,Potential,0
558,13,384,1,3,2,132,6,Potential,0
690,14,1722,1,3,4,134,8,Loyal Customers,1
66,5,78,4,1,2,412,7,Loyal Customers,2
533,3,24,1,1,1,111,3,At Risk,0
191,24,1168,3,4,4,344,11,Top Customers,3
530,13,957,1,3,3,133,7,Loyal Customers,1
262,3,15,3,1,1,311,5,Potential,2
22,4,57,4,1,1,411,6,Potential,2
594,22,1956,1,4,4,144,9,Top Customers,1
243,20,2013,3,4,4,344,11,Top Customers,3
36,12,326,4,2,2,422,8,Loyal Customers,2
693,6,77,1,2,2,122,5,Potential,0
422,19,1313,2,4,4,244,10,Top Customers,1
38,6,30,4,2,1,421,7,Loyal Customers,2
512,12,315,2,2,2,222,6,Potential,0
374,18,660,2,3,3,233,8,Loyal Customers,3
514,6,74,2,2,2,222,6,Potential,0
49,5,46,4,1,1,411,6,Potential,2
316,6,86,3,2,2,322,7,Loyal Customers,2
236,24,1103,3,4,4,344,11,Top Customers,3
159,7,61,4,2,1,421,7,Loyal Customers,2
222,7,145,3,2,2,322,7,Loyal Customers,2
653,19,684,1,4,3,143,8,Loyal Customers,1
229,14,411,3,3,3,333,9,Top Customers,2
624,3,27,1,1,1,111,3,At Risk,0
358,25,1060,2,4,4,244,10,Top Customers,3
669,21,1459,1,4,4,144,9,Top Customers,1
669,3,18,1,1,1,111,3,At Risk,0
645,25,1833,1,4,4,144,9,Top Customers,1
87,10,237,4,2,2,422,8,Loyal Customers,2
32,6,48,4,2,1,421,7,Loyal Customers,2
343,16,515,3,3,3,333,9,Top Customers,3
571,14,1020,1,3,3,133,7,Loyal Customers,1
31,10,1370,4,2,4,424,10,Top Customers,3
475,23,1026,2,4,3,243,9,Top Customers,1
98,11,301,4,2,2,422,8,Loyal Customers,2
653,19,684,1,4,3,143,8,Loyal Customers,1
617,16,499,1,3,3,133,7,Loyal Customers,0
676,20,1004,1,4,3,143,8,Loyal Customers,1
259,10,218,3,2,2,322,7,Loyal Customers,2
402,18,606,2,3,3,233,8,Loyal Customers,3
359,5,75,2,1,2,212,5,Potential,0
676,6,106,1,2,2,122,5,Potential,0
396,16,990,2,3,3,233,8,Loyal Customers,1
158,15,1097,4,3,4,434,11,Top Customers,3
132,3,16,4,1,1,411,6,Potential,2
104,4,34,4,1,1,411,6,Potential,2
672,15,1711,1,3,4,134,8,Loyal Customers,1
168,14,438,4,3,3,433,10,Top Customers,2
537,5,75,1,1,2,112,4,At Risk,0
228,10,225,3,2,2,322,7,Loyal Customers,2
603,3,18,1,1,1,111,3,At Risk,0
408,15,470,2,3,3,233,8,Loyal Customers,0
442,6,91,2,2,2,222,6,Potential,0
136,17,2525,4,3,4,434,11,Top Customers,3
532,16,504,1,3,3,133,7,Loyal Customers,0
540,10,235,1,2,2,122,5,Potential,0
526,18,1232,2,3,4,234,9,Top Customers,1
422,7,88,2,2,2,222,6,Potential,0
52,3,17,4,1,1,411,6,Potential,2
331,4,24,3,1,1,311,5,Potential,2
311,5,60,3,1,1,311,5,Potential,2
308,25,1020,3,4,3,343,10,Top Customers,3
570,8,155,1,2,2,122,5,Potential,0
122,4,51,4,1,1,411,6,Potential,2
554,15,1812,1,3,4,134,8,Loyal Customers,1
589,21,1461,1,4,4,144,9,Top Customers,1
70,5,96,4,1,2,412,7,Loyal Customers,2
132,8,160,4,2,2,422,8,Loyal Customers,2
433,7,139,2,2,2,222,6,Potential,0
434,21,908,2,4,3,243,9,Top Customers,1
301,7,183,3,2,2,322,7,Loyal Customers,2
455,17,1161,2,3,4,234,9,Top Customers,1
85,13,988,4,3,3,433,10,Top Customers,3
658,24,1072,1,4,4,144,9,Top Customers,1
291,8,174,3,2,2,322,7,Loyal Customers,2
520,19,758,2,4,3,243,9,Top Customers,1
180,9,195,4,2,2,422,8,Loyal Customers,2
627,4,31,1,1,1,111,3,At Risk,0
316,16,1084,3,3,4,334,10,Top Customers,3
494,19,685,2,4,3,243,9,Top Customers,1
219,25,1672,3,4,4,344,11,Top Customers,3
243,5,43,3,1,1,311,5,Potential,2
133,4,49,4,1,1,411,6,Potential,2
403,7,133,2,2,2,222,6,Potential,0
260,13,363,3,3,2,332,8,Loyal Customers,2
440,16,545,2,3,3,233,8,Loyal Customers,0
245,29,1065,3,4,4,344,11,Top Customers,3
474,20,2047,2,4,4,244,10,Top Customers,1
606,10,296,1,2,2,122,5,Potential,0
366,7,140,2,2,2,222,6,Potential,0
347,16,530,3,3,3,333,9,Top Customers,3
690,8,152,1,2,2,122,5,Potential,0
266,23,1598,3,4,4,344,11,Top Customers,3
526,6,114,2,2,2,222,6,Potential,0
676,7,101,1,2,2,122,5,Potential,0
280,3,25,3,1,1,311,5,Potential,2
519,21,789,2,4,3,243,9,Top Customers,1
334,5,87,3,1,2,312,6,Potential,2
280,7,90,3,2,2,322,7,Loyal Customers,2
427,18,1215,2,3,4,234,9,Top Customers,1
260,21,811,3,4,3,343,10,Top Customers,3
615,5,61,1,1,1,111,3,At Risk,0
318,13,405,3,3,3,333,9,Top Customers,2
91,6,72,4,2,2,422,8,Loyal Customers,2
499,9,189,2,2,2,222,6,Potential,0
365,4,40,2,1,1,211,4,At Risk,0
140,7,63,4,2,1,421,7,Loyal Customers,2
465,5,52,2,1,1,211,4,At Risk,0
58,4,39,4,1,1,411,6,Potential,2
34,21,805,4,4,3,443,11,Top Customers,3
73,7,130,4,2,2,422,8,Loyal Customers,2
268,23,1631,3,4,4,344,11,Top Customers,3
360,4,34,2,1,1,211,4,At Risk,0
212,8,152,3,2,2,322,7,Loyal Customers,2
162,4,21,4,1,1,411,6,Potential,2
269,5,71,3,1,2,312,6,Potential,2
36,22,899,4,4,3,443,11,Top Customers,3
70,9,711,4,2,3,423,9,Top Customers,2
694,12,351,1,2,2,122,5,Potential,0
42,0,8,4,1,1,411,6,Potential,2
573,7,119,1,2,2,122,5,Potential,0
450,3,21,2,1,1,211,4,At Risk,0
97,3,10,4,1,1,411,6,Potential,2
36,24,973,4,4,3,443,11,Top Customers,3
306,12,1536,3,2,4,324,9,Top Customers,3
348,24,992,3,4,3,343,10,Top Customers,3
492,32,1529,2,4,4,244,10,Top Customers,1
290,15,860,3,3,3,333,9,Top Customers,3
254,21,928,3,4,3,343,10,Top Customers,3
699,14,418,1,3,3,133,7,Loyal Customers,0
695,14,587,1,3,3,133,7,Loyal Customers,0
48,17,641,4,3,3,433,10,Top Customers,3
102,3,23,4,1,1,411,6,Potential,2
317,22,2279,3,4,4,344,11,Top Customers,1
41,4,49,4,1,1,411,6,Potential,2
403,16,1779,2,3,4,234,9,Top Customers,1
206,26,1804,3,4,4,344,11,Top Customers,3
358,5,48,2,1,1,211,4,At Risk,0
115,5,83,4,1,2,412,7,Loyal Customers,2
264,17,1862,3,3,4,334,10,Top Customers,3
643,19,793,1,4,3,143,8,Loyal Customers,1
506,6,84,2,2,2,222,6,Potential,0
313,9,183,3,2,2,322,7,Loyal Customers,2
8,18,1383,4,3,4,434,11,Top Customers,3
83,14,999,4,3,3,433,10,Top Customers,3
523,21,825,2,4,3,243,9,Top Customers,1
672,10,246,1,2,2,122,5,Potential,0
467,17,610,2,3,3,233,8,Loyal Customers,1
585,6,76,1,2,2,122,5,Potential,0
488,18,1286,2,3,4,234,9,Top Customers,1
195,3,30,3,1,1,311,5,Potential,2
544,6,99,1,2,2,122,5,Potential,0
646,22,1192,1,4,4,144,9,Top Customers,1
212,13,362,3,3,2,332,8,Loyal Customers,2
689,18,2130,1,3,4,134,8,Loyal Customers,1
680,26,1229,1,4,4,144,9,Top Customers,1
647,4,38,1,1,1,111,3,At Risk,0
343,15,485,3,3,3,333,9,Top Customers,3
601,11,434,1,2,3,123,6,Potential,0
472,4,44,2,1,1,211,4,At Risk,0
583,16,496,1,3,3,133,7,Loyal Customers,0
386,5,78,2,1,2,212,5,Potential,0
504,22,2346,2,4,4,244,10,Top Customers,1
546,19,794,1,4,3,143,8,Loyal Customers,1
297,3,17,3,1,1,311,5,Potential,2
333,4,26,3,1,1,311,5,Potential,2
103,6,76,4,2,2,422,8,Loyal Customers,2
204,3,15,3,1,1,311,5,Potential,2
78,5,62,4,1,1,411,6,Potential,2
92,8,198,4,2,2,422,8,Loyal Customers,2
247,4,49,3,1,1,311,5,Potential,2
370,20,802,2,4,3,243,9,Top Customers,3
130,14,1736,4,3,4,434,11,Top Customers,3
549,6,57,1,2,1,121,4,At Risk,0
390,2,59,2,1,1,211,4,At Risk,0
482,18,2302,2,3,4,234,9,Top Customers,1
131,5,37,4,1,1,411,6,Potential,2
489,11,310,2,2,2,222,6,Potential,0
605,18,1305,1,3,4,134,8,Loyal Customers,1
366,21,832,2,4,3,243,9,Top Customers,3
452,13,401,2,3,3,233,8,Loyal Customers,0
37,22,1501,4,4,4,444,12,Top Customers,3
166,27,1189,4,4,4,444,12,Top Customers,3
342,25,1194,3,4,4,344,11,Top Customers,3
149,19,656,4,4,3,443,11,Top Customers,3
583,22,1540,1,4,4,144,9,Top Customers,1
307,12,311,3,2,2,322,7,Loyal Customers,2
235,21,820,3,4,3,343,10,Top Customers,3
169,11,274,4,2,2,422,8,Loyal Customers,2
435,6,57,2,2,1,221,5,Potential,0
271,13,448,3,3,3,333,9,Top Customers,2
19,4,44,4,1,1,411,6,Potential,2
335,6,102,3,2,2,322,7,Loyal Customers,2
148,4,61,4,1,1,411,6,Potential,2
433,26,1643,2,4,4,244,10,Top Customers,1
388,12,397,2,2,3,223,7,Loyal Customers,0
173,24,1121,4,4,4,444,12,Top Customers,3
664,12,473,1,2,3,123,6,Potential,0
92,6,50,4,2,1,421,7,Loyal Customers,2
500,22,1678,2,4,4,244,10,Top Customers,1
72,6,58,4,2,1,421,7,Loyal Customers,2
277,8,170,3,2,2,322,7,Loyal Customers,2
199,2,373,3,1,2,312,6,Potential,2
224,16,1196,3,3,4,334,10,Top Customers,3
114,6,101,4,2,2,422,8,Loyal Customers,2
564,12,316,1,2,2,122,5,Potential,0
284,18,1400,3,3,4,334,10,Top Customers,3
335,26,1424,3,4,4,344,11,Top Customers,1
680,19,844,1,4,3,143,8,Loyal Customers,1
285,11,311,3,2,2,322,7,Loyal Customers,2
417,16,1149,2,3,4,234,9,Top Customers,1
70,7,129,4,2,2,422,8,Loyal Customers,2
256,4,32,3,1,1,311,5,Potential,2
690,11,299,1,2,2,122,5,Potential,0
31,12,320,4,2,2,422,8,Loyal Customers,2
585,13,441,1,3,3,133,7,Loyal Customers,0
636,17,1178,1,3,4,134,8,Loyal Customers,1
498,5,85,2,1,2,212,5,Potential,0
466,3,24,2,1,1,211,4,At Risk,0
494,6,112,2,2,2,222,6,Potential,0
504,4,30,2,1,1,211,4,At Risk,0
374,14,410,2,3,3,233,8,Loyal Customers,0
302,21,800,3,4,3,343,10,Top Customers,3
422,19,1313,2,4,4,244,10,Top Customers,1
456,22,1483,2,4,4,244,10,Top Customers,1
251,16,1258,3,3,4,334,10,Top Customers,3
598,3,28,1,1,1,111,3,At Risk,0
153,10,227,4,2,2,422,8,Loyal Customers,2
597,19,1555,1,4,4,144,9,Top Customers,1
469,21,861,2,4,3,243,9,Top Customers,1
433,6,103,2,2,2,222,6,Potential,0
62,18,634,4,3,3,433,10,Top Customers,3
182,18,1918,3,3,4,334,10,Top Customers,3
268,7,131,3,2,2,322,7,Loyal Customers,2
641,16,586,1,3,3,133,7,Loyal Customers,1
218,5,62,3,1,1,311,5,Potential,2
395,14,447,2,3,3,233,8,Loyal Customers,0
698,26,939,1,4,3,143,8,Loyal Customers,1
339,11,797,3,2,3,323,8,Loyal Customers,3
663,15,1143,1,3,4,134,8,Loyal Customers,1
234,14,415,3,3,3,333,9,Top Customers,2
216,4,30,3,1,1,311,5,Potential,2
185,9,187,3,2,2,322,7,Loyal Customers,2
47,10,251,4,2,2,422,8,Loyal Customers,2
61,10,237,4,2,2,422,8,Loyal Customers,2
186,6,91,3,2,2,322,7,Loyal Customers,2
419,4,35,2,1,1,211,4,At Risk,0
633,16,493,1,3,3,133,7,Loyal Customers,0
483,23,971,2,4,3,243,9,Top Customers,1
574,13,371,1,3,2,132,6,Potential,0
181,14,396,3,3,2,332,8,Loyal Customers,2
313,5,68,3,1,1,311,5,Potential,2
369,12,322,2,2,2,222,6,Potential,0
454,12,317,2,2,2,222,6,Potential,0
55,9,222,4,2,2,422,8,Loyal Customers,2
361,8,177,2,2,2,222,6,Potential,0
664,4,45,1,1,1,111,3,At Risk,0
168,3,21,4,1,1,411,6,Potential,2
631,5,45,1,1,1,111,3,At Risk,0
165,20,1899,4,4,4,444,12,Top Customers,3
119,4,42,4,1,1,411,6,Potential,2
313,4,22,3,1,1,311,5,Potential,2
560,4,41,1,1,1,111,3,At Risk,0
58,20,1440,4,4,4,444,12,Top Customers,3
261,11,325,3,2,2,322,7,Loyal Customers,2
269,7,95,3,2,2,322,7,Loyal Customers,2
119,4,42,4,1,1,411,6,Potential,2
597,4,72,1,1,2,112,4,At Risk,0
45,5,20,4,1,1,411,6,Potential,2
334,21,789,3,4,3,343,10,Top Customers,3
38,3,15,4,1,1,411,6,Potential,2
142,6,59,4,2,1,421,7,Loyal Customers,2
434,21,908,2,4,3,243,9,Top Customers,1
566,12,417,1,2,3,123,6,Potential,0
673,11,289,1,2,2,122,5,Potential,0
92,20,769,4,4,3,443,11,Top Customers,3
69,8,188,4,2,2,422,8,Loyal Customers,2
685,11,354,1,2,2,122,5,Potential,0
625,20,727,1,4,3,143,8,Loyal Customers,1
691,7,146,1,2,2,122,5,Potential,0
444,12,319,2,2,2,222,6,Potential,0
194,20,794,3,4,3,343,10,Top Customers,3
659,15,454,1,3,3,133,7,Loyal Customers,0
661,7,152,1,2,2,122,5,Potential,0
639,21,797,1,4,3,143,8,Loyal Customers,1
405,14,1690,2,3,4,234,9,Top Customers,1
131,3,20,4,1,1,411,6,Potential,2
158,20,1428,4,4,4,444,12,Top Customers,3
501,8,209,2,2,2,222,6,Potential,0
384,15,545,2,3,3,233,8,Loyal Customers,0
529,5,96,2,1,2,212,5,Potential,0
126,9,222,4,2,2,422,8,Loyal Customers,2
105,5,61,4,1,1,411,6,Potential,2
152,6,44,4,2,1,421,7,Loyal Customers,2
79,3,8,4,1,1,411,6,Potential,2
259,22,817,3,4,3,343,10,Top Customers,3
595,19,1371,1,4,4,144,9,Top Customers,1
133,4,42,4,1,1,411,6,Potential,2
548,4,60,1,1,1,111,3,At Risk,0
421,6,78,2,2,2,222,6,Potential,0
442,3,23,2,1,1,211,4,At Risk,0
286,3,19,3,1,1,311,5,Potential,2
91,5,61,4,1,1,411,6,Potential,2
482,13,449,2,3,3,233,8,Loyal Customers,0
450,4,37,2,1,1,211,4,At Risk,0
136,4,38,4,1,1,411,6,Potential,2
192,22,1131,3,4,4,344,11,Top Customers,3
188,5,34,3,1,1,311,5,Potential,2
242,12,294,3,2,2,322,7,Loyal Customers,2
421,4,48,2,1,1,211,4,At Risk,0
673,11,289,1,2,2,122,5,Potential,0
520,3,30,2,1,1,211,4,At Risk,0
67,6,125,4,2,2,422,8,Loyal Customers,2
500,7,156,2,2,2,222,6,Potential,0
346,6,70,3,2,2,322,7,Loyal Customers,2
281,3,22,3,1,1,311,5,Potential,2
664,6,65,1,2,1,121,4,At Risk,0
613,20,1930,1,4,4,144,9,Top Customers,1
275,22,2283,3,4,4,344,11,Top Customers,3
257,12,310,3,2,2,322,7,Loyal Customers,2
560,17,1319,1,3,4,134,8,Loyal Customers,1
575,22,879,1,4,3,143,8,Loyal Customers,1
247,16,1244,3,3,4,334,10,Top Customers,3
98,13,690,4,3,3,433,10,Top Customers,3
497,9,209,2,2,2,222,6,Potential,0
20,16,1134,4,3,4,434,11,Top Customers,3
228,22,1507,3,4,4,344,11,Top Customers,3
272,5,57,3,1,1,311,5,Potential,2
670,15,529,1,3,3,133,7,Loyal Customers,0
4,15,1091,4,3,4,434,11,Top Customers,3
624,8,180,1,2,2,122,5,Potential,0
533,6,77,1,2,2,122,5,Potential,0
137,25,2349,4,4,4,444,12,Top Customers,3
653,16,534,1,3,3,133,7,Loyal Customers,1
154,17,556,4,3,3,433,10,Top Customers,3
314,18,637,3,3,3,333,9,Top Customers,3
77,4,46,4,1,1,411,6,Potential,2
11,6,44,4,2,1,421,7,Loyal Customers,2
356,4,47,2,1,1,211,4,At Risk,0
374,18,795,2,3,3,233,8,Loyal Customers,3
501,17,586,2,3,3,233,8,Loyal Customers,1
413,19,1574,2,4,4,244,10,Top Customers,1
141,3,13,4,1,1,411,6,Potential,2
529,21,1471,2,4,4,244,10,Top Customers,1
190,5,65,3,1,1,311,5,Potential,2
423,8,175,2,2,2,222,6,Potential,0
428,4,40,2,1,1,211,4,At Risk,0
666,17,1078,1,3,4,134,8,Loyal Customers,1
590,19,1115,1,4,4,144,9,Top Customers,1
502,7,134,2,2,2,222,6,Potential,0
583,22,1540,1,4,4,144,9,Top Customers,1
239,6,87,3,2,2,322,7,Loyal Customers,2
244,9,217,3,2,2,322,7,Loyal Customers,2
156,25,1034,4,4,3,443,11,Top Customers,3
454,24,1180,2,4,4,244,10,Top Customers,1
667,20,819,1,4,3,143,8,Loyal Customers,1
256,4,32,3,1,1,311,5,Potential,2
311,4,46,3,1,1,311,5,Potential,2
696,16,1159,1,3,4,134,8,Loyal Customers,1
483,22,860,2,4,3,243,9,Top Customers,1
7,14,1631,4,3,4,434,11,Top Customers,3
19,15,444,4,3,3,433,10,Top Customers,3
534,27,1910,1,4,4,144,9,Top Customers,1
231,13,380,3,3,2,332,8,Loyal Customers,2
370,20,736,2,4,3,243,9,Top Customers,3
524,11,269,2,2,2,222,6,Potential,0
337,28,2524,3,4,4,344,11,Top Customers,1
271,18,612,3,3,3,333,9,Top Customers,3
200,6,75,3,2,2,322,7,Loyal Customers,2
154,24,1045,4,4,3,443,11,Top Customers,3
210,5,55,3,1,1,311,5,Potential,2
682,15,1064,1,3,4,134,8,Loyal Customers,1
593,21,1443,1,4,4,144,9,Top Customers,1
532,29,1366,1,4,4,144,9,Top Customers,1
503,12,436,2,2,3,223,7,Loyal Customers,0
136,4,38,4,1,1,411,6,Potential,2
681,14,436,1,3,3,133,7,Loyal Customers,0
601,19,747,1,4,3,143,8,Loyal Customers,1
678,20,1396,1,4,4,144,9,Top Customers,1
101,13,928,4,3,3,433,10,Top Customers,3
355,17,642,3,3,3,333,9,Top Customers,3
599,24,1048,1,4,4,144,9,Top Customers,1
247,23,943,3,4,3,343,10,Top Customers,3
386,22,907,2,4,3,243,9,Top Customers,1
147,17,1198,4,3,4,434,11,Top Customers,3
680,7,120,1,2,2,122,5,Potential,0
581,23,1658,1,4,4,144,9,Top Customers,1
63,21,1638,4,4,4,444,12,Top Customers,3
425,6,73,2,2,2,222,6,Potential,0
110,10,275,4,2,2,422,8,Loyal Customers,2
578,21,854,1,4,3,143,8,Loyal Customers,1
293,6,78,3,2,2,322,7,Loyal Customers,2
282,6,106,3,2,2,322,7,Loyal Customers,2
595,5,106,1,1,2,112,4,At Risk,0
391,18,1923,2,3,4,234,9,Top Customers,1
399,21,1662,2,4,4,244,10,Top Customers,1
142,6,84,4,2,2,422,8,Loyal Customers,2
54,5,48,4,1,1,411,6,Potential,2
442,0,5,2,1,1,211,4,At Risk,0
586,20,733,1,4,3,143,8,Loyal Customers,1
85,17,1234,4,3,4,434,11,Top Customers,3
565,6,112,1,2,2,122,5,Potential,0
125,14,1658,4,3,4,434,11,Top Customers,3
462,5,55,2,1,1,211,4,At Risk,0
565,22,1513,1,4,4,144,9,Top Customers,1
410,11,271,2,2,2,222,6,Potential,0
15,23,904,4,4,3,443,11,Top Customers,3
680,7,120,1,2,2,122,5,Potential,0
663,6,103,1,2,2,122,5,Potential,0
632,11,269,1,2,2,122,5,Potential,0
191,4,22,3,1,1,311,5,Potential,2
204,15,1156,3,3,4,334,10,Top Customers,3
621,16,1086,1,3,4,134,8,Loyal Customers,1
533,25,1128,1,4,4,144,9,Top Customers,1
93,7,72,4,2,2,422,8,Loyal Customers,2
478,23,964,2,4,3,243,9,Top Customers,1
577,19,1383,1,4,4,144,9,Top Customers,1
399,3,18,2,1,1,211,4,At Risk,0
667,21,793,1,4,3,143,8,Loyal Customers,1
532,6,100,1,2,2,122,5,Potential,0
300,5,80,3,1,2,312,6,Potential,2
597,7,167,1,2,2,122,5,Potential,0
525,18,677,2,3,3,233,8,Loyal Customers,1
457,3,23,2,1,1,211,4,At Risk,0
260,6,92,3,2,2,322,7,Loyal Customers,2
113,15,641,4,3,3,433,10,Top Customers,3
665,16,1106,1,3,4,134,8,Loyal Customers,1
37,13,1033,4,3,3,433,10,Top Customers,3
686,27,1174,1,4,4,144,9,Top Customers,1
287,4,25,3,1,1,311,5,Potential,2
609,10,240,1,2,2,122,5,Potential,0
380,3,20,2,1,1,211,4,At Risk,0
522,7,102,2,2,2,222,6,Potential,0
343,23,1034,3,4,3,343,10,Top Customers,3
500,7,156,2,2,2,222,6,Potential,0
237,15,458,3,3,3,333,9,Top Customers,3
605,3,17,1,1,1,111,3,At Risk,0
11,20,792,4,4,3,443,11,Top Customers,3
13,6,92,4,2,2,422,8,Loyal Customers,2
526,14,407,2,3,3,233,8,Loyal Customers,0
574,19,1269,1,4,4,144,9,Top Customers,1
75,21,841,4,4,3,443,11,Top Customers,3
640,18,633,1,3,3,133,7,Loyal Customers,1
459,14,1019,2,3,3,233,8,Loyal Customers,1
582,25,1315,1,4,4,144,9,Top Customers,1
603,5,54,1,1,1,111,3,At Risk,0
136,17,2525,4,3,4,434,11,Top Customers,3
244,4,52,3,1,1,311,5,Potential,2
681,14,436,1,3,3,133,7,Loyal Customers,0
457,11,268,2,2,2,222,6,Potential,0
98,7,147,4,2,2,422,8,Loyal Customers,2
62,17,1798,4,3,4,434,11,Top Customers,3
373,7,137,2,2,2,222,6,Potential,0
522,16,507,2,3,3,233,8,Loyal Customers,0
157,3,15,4,1,1,411,6,Potential,2
200,16,1105,3,3,4,334,10,Top Customers,3
209,14,974,3,3,3,333,9,Top Customers,3
67,6,66,4,2,1,421,7,Loyal Customers,2
124,26,778,4,4,3,443,11,Top Customers,3
41,4,49,4,1,1,411,6,Potential,2
679,8,169,1,2,2,122,5,Potential,0
2,11,299,4,2,2,422,8,Loyal Customers,2
445,10,221,2,2,2,222,6,Potential,0
187,24,1682,3,4,4,344,11,Top Customers,3
570,8,155,1,2,2,122,5,Potential,0
500,12,892,2,2,3,223,7,Loyal Customers,1
667,4,58,1,1,1,111,3,At Risk,0
307,12,311,3,3,2,332,8,Loyal Customers,2
85,6,95,4,2,2,422,8,Loyal Customers,2
619,14,424,1,3,3,133,7,Loyal Customers,0
134,7,47,4,2,1,421,7,Loyal Customers,2
257,12,339,3,3,2,332,8,Loyal Customers,2
639,20,1410,1,4,4,144,9,Top Customers,1
65,5,35,4,1,1,411,6,Potential,2
367,16,562,2,3,3,233,8,Loyal Customers,3
641,23,2352,1,4,4,144,9,Top Customers,1
393,19,1334,2,4,4,244,10,Top Customers,1
303,4,32,3,1,1,311,5,Potential,2
119,5,41,4,1,1,411,6,Potential,2
337,4,39,3,1,1,311,5,Potential,2
529,21,1141,2,4,4,244,10,Top Customers,1
456,19,710,2,4,3,243,9,Top Customers,1
112,14,401,4,3,3,433,10,Top Customers,2
79,16,506,4,3,3,433,10,Top Customers,3
688,20,1538,1,4,4,144,9,Top Customers,1
572,5,57,1,1,1,111,3,At Risk,0
316,18,1722,3,3,4,334,10,Top Customers,3
324,11,270,3,2,2,322,7,Loyal Customers,2
182,4,31,3,1,1,311,5,Potential,2
267,21,882,3,4,3,343,10,Top Customers,3
245,3,16,3,1,1,311,5,Potential,2
42,12,311,4,3,2,432,9,Top Customers,2
153,10,227,4,2,2,422,8,Loyal Customers,2
598,24,1152,1,4,4,144,9,Top Customers,1
313,7,122,3,2,2,322,7,Loyal Customers,2
533,6,77,1,2,2,122,5,Potential,0
642,18,1289,1,3,4,134,8,Loyal Customers,1
529,15,561,2,3,3,233,8,Loyal Customers,0
522,9,211,2,2,2,222,6,Potential,0
118,10,233,4,2,2,422,8,Loyal Customers,2
659,15,1092,1,3,4,134,8,Loyal Customers,1
469,16,601,2,3,3,233,8,Loyal Customers,1
127,7,54,4,2,1,421,7,Loyal Customers,2
247,6,78,3,2,2,322,7,Loyal Customers,2
302,25,1095,3,4,4,344,11,Top Customers,3
251,10,244,3,2,2,322,7,Loyal Customers,2
97,7,116,4,2,2,422,8,Loyal Customers,2
375,3,15,2,1,1,211,4,At Risk,0
264,14,425,3,3,3,333,9,Top Customers,2
443,20,734,2,4,3,243,9,Top Customers,1
377,17,638,2,3,3,233,8,Loyal Customers,3
270,21,894,3,4,3,343,10,Top Customers,3
10,5,41,4,1,1,411,6,Potential,2
367,4,31,2,1,1,211,4,At Risk,0
98,4,34,4,1,1,411,6,Potential,2
279,13,1750,3,3,4,334,10,Top Customers,3
610,17,612,1,3,3,133,7,Loyal Customers,1
201,4,29,3,1,1,311,5,Potential,2
58,20,823,4,4,3,443,11,Top Customers,3
415,3,20,2,1,1,211,4,At Risk,0
199,14,396,3,3,2,332,8,Loyal Customers,2
13,20,813,4,4,3,443,11,Top Customers,3
407,19,1179,2,4,4,244,10,Top Customers,1
53,7,138,4,2,2,422,8,Loyal Customers,2
123,6,55,4,2,1,421,7,Loyal Customers,2
678,21,1511,1,4,4,144,9,Top Customers,1
660,6,117,1,2,2,122,5,Potential,0
426,28,1730,2,4,4,244,10,Top Customers,1
342,4,32,3,1,1,311,5,Potential,2
113,5,67,4,1,1,411,6,Potential,2
397,12,335,2,3,2,232,7,Loyal Customers,0
147,21,825,4,4,3,443,11,Top Customers,3
340,17,694,3,3,3,333,9,Top Customers,3
6,16,1792,4,3,4,434,11,Top Customers,3
423,15,496,2,3,3,233,8,Loyal Customers,0
410,9,231,2,2,2,222,6,Potential,0
31,22,902,4,4,3,443,11,Top Customers,3
170,6,68,4,2,1,421,7,Loyal Customers,2
291,5,71,3,1,2,312,6,Potential,2
375,5,76,2,1,2,212,5,Potential,0
313,21,772,3,4,3,343,10,Top Customers,3
182,6,47,3,2,1,321,6,Potential,2
222,23,1586,3,4,4,344,11,Top Customers,3
492,32,1529,2,4,4,244,10,Top Customers,1
334,11,265,3,2,2,322,7,Loyal Customers,0
297,17,1603,3,3,4,334,10,Top Customers,3
534,21,2091,1,4,4,144,9,Top Customers,1
391,20,981,2,4,3,243,9,Top Customers,1
584,30,1533,1,4,4,144,9,Top Customers,1
578,6,82,1,2,2,122,5,Potential,0
461,10,244,2,2,2,222,6,Potential,0
367,4,36,2,1,1,211,4,At Risk,0
502,14,404,2,3,3,233,8,Loyal Customers,0
157,5,71,4,1,2,412,7,Loyal Customers,2
264,22,1572,3,4,4,344,11,Top Customers,3
163,7,122,4,2,2,422,8,Loyal Customers,2
603,6,41,1,2,1,121,4,At Risk,0
25,3,10,4,1,1,411,6,Potential,2
247,11,304,3,2,2,322,7,Loyal Customers,2
96,4,37,4,1,1,411,6,Potential,2
690,15,1754,1,3,4,134,8,Loyal Customers,1
341,21,815,3,4,3,343,10,Top Customers,3
541,23,1001,1,4,3,143,8,Loyal Customers,1
345,21,1157,3,4,4,344,11,Top Customers,3
345,18,688,3,3,3,333,9,Top Customers,3
358,18,1319,2,3,4,234,9,Top Customers,3
495,3,21,2,1,1,211,4,At Risk,0
671,3,31,1,1,1,111,3,At Risk,0
545,5,67,1,1,1,111,3,At Risk,0
402,19,708,2,4,3,243,9,Top Customers,1
648,3,25,1,1,1,111,3,At Risk,0
487,11,746,2,2,3,223,7,Loyal Customers,0
645,4,32,1,1,1,111,3,At Risk,0
116,23,1695,4,4,4,444,12,Top Customers,3
667,23,1080,1,4,4,144,9,Top Customers,1
91,6,72,4,2,2,422,8,Loyal Customers,2
221,7,57,3,2,1,321,6,Potential,2
100,19,660,4,4,3,443,11,Top Customers,3
635,7,103,1,2,2,122,5,Potential,0
279,8,153,3,2,2,322,7,Loyal Customers,2
647,28,1220,1,4,4,144,9,Top Customers,1
682,11,279,1,2,2,122,5,Potential,0
178,19,745,4,4,3,443,11,Top Customers,3
120,11,264,4,2,2,422,8,Loyal Customers,2
12,21,2157,4,4,4,444,12,Top Customers,3
305,22,1526,3,4,4,344,11,Top Customers,3
446,5,69,2,1,2,212,5,Potential,0
596,25,1597,1,4,4,144,9,Top Customers,1
31,6,64,4,2,1,421,7,Loyal Customers,2
593,12,497,1,3,3,133,7,Loyal Customers,0
405,15,1067,2,3,4,234,9,Top Customers,1
52,5,31,4,1,1,411,6,Potential,2
297,9,211,3,2,2,322,7,Loyal Customers,2
581,21,877,1,4,3,143,8,Loyal Customers,1
532,3,11,1,1,1,111,3,At Risk,0
424,24,2034,2,4,4,244,10,Top Customers,1
197,18,1991,3,3,4,334,10,Top Customers,3
88,24,1686,4,4,4,444,12,Top Customers,3
152,12,324,4,3,2,432,9,Top Customers,2
72,6,69,4,2,2,422,8,Loyal Customers,2
608,11,252,1,2,2,122,5,Potential,0
538,4,54,1,1,1,111,3,At Risk,0
478,23,964,2,4,3,243,9,Top Customers,1
497,26,1327,2,4,4,244,10,Top Customers,1
98,5,68,4,1,1,411,6,Potential,2
548,4,60,1,1,1,111,3,At Risk,0
428,4,55,2,1,1,211,4,At Risk,0
109,20,1456,4,4,4,444,12,Top Customers,3
419,17,563,2,3,3,233,8,Loyal Customers,1
496,22,1504,2,4,4,244,10,Top Customers,1
66,17,564,4,3,3,433,10,Top Customers,3
215,22,1125,3,4,4,344,11,Top Customers,3
36,13,358,4,3,2,432,9,Top Customers,2
200,4,42,3,1,1,311,5,Potential,2
66,8,184,4,2,2,422,8,Loyal Customers,2
437,14,460,2,3,3,233,8,Loyal Customers,0
32,7,145,4,2,2,422,8,Loyal Customers,2
529,24,1376,2,4,4,244,10,Top Customers,1
525,21,792,2,4,3,243,9,Top Customers,1
611,22,1382,1,4,4,144,9,Top Customers,1
586,3,28,1,1,1,111,3,At Risk,0
274,23,1033,3,4,3,343,10,Top Customers,3
396,20,882,2,4,3,243,9,Top Customers,1
483,13,2231,2,3,4,234,9,Top Customers,1
621,16,1101,1,3,4,134,8,Loyal Customers,1
655,11,369,1,2,2,122,5,Potential,0
122,4,48,4,1,1,411,6,Potential,2
502,15,467,2,3,3,233,8,Loyal Customers,0
551,5,44,1,1,1,111,3,At Risk,0
469,6,38,2,2,1,221,5,Potential,0
235,6,81,3,2,2,322,7,Loyal Customers,2
329,8,167,3,2,2,322,7,Loyal Customers,2
50,5,45,4,1,1,411,6,Potential,2
399,18,664,2,3,3,233,8,Loyal Customers,3
292,17,622,3,3,3,333,9,Top Customers,3
476,5,48,2,1,1,211,4,At Risk,0
249,14,461,3,3,3,333,9,Top Customers,2
313,25,1073,3,4,4,344,11,Top Customers,3
295,6,55,3,2,1,321,6,Potential,2
460,23,976,2,4,3,243,9,Top Customers,1
13,4,20,4,1,1,411,6,Potential,2
417,16,1149,2,3,4,234,9,Top Customers,1
14,5,43,4,1,1,411,6,Potential,2
252,8,224,3,2,2,322,7,Loyal Customers,2
649,6,101,1,2,2,122,5,Potential,0
437,9,209,2,2,2,222,6,Potential,0
632,20,968,1,4,3,143,8,Loyal Customers,1
386,16,1165,2,3,4,234,9,Top Customers,1
103,4,24,4,1,1,411,6,Potential,2
608,11,252,1,2,2,122,5,Potential,0
669,8,165,1,2,2,122,5,Potential,0
624,11,269,1,2,2,122,5,Potential,0
327,6,102,3,2,2,322,7,Loyal Customers,2
332,18,461,3,3,3,333,9,Top Customers,3
559,5,47,1,1,1,111,3,At Risk,0
132,7,144,4,2,2,422,8,Loyal Customers,2
623,23,1338,1,4,4,144,9,Top Customers,1
213,23,917,3,4,3,343,10,Top Customers,3
544,12,318,1,3,2,132,6,Potential,0
603,10,253,1,2,2,122,5,Potential,0
646,15,502,1,3,3,133,7,Loyal Customers,0
202,6,119,3,2,2,322,7,Loyal Customers,2
670,16,1250,1,3,4,134,8,Loyal Customers,1
239,23,969,3,4,3,343,10,Top Customers,3
328,6,76,3,2,2,322,7,Loyal Customers,2
78,5,62,4,1,1,411,6,Potential,2
318,25,1382,3,4,4,344,11,Top Customers,3
142,6,84,4,2,2,422,8,Loyal Customers,2
351,9,255,3,2,2,322,7,Loyal Customers,0
380,4,43,2,1,1,211,4,At Risk,0
269,13,398,3,3,3,333,9,Top Customers,2
74,6,76,4,2,2,422,8,Loyal Customers,2
23,13,902,4,3,3,433,10,Top Customers,3
58,20,823,4,4,3,443,11,Top Customers,3
2,24,1179,4,4,4,444,12,Top Customers,3
623,28,1921,1,4,4,144,9,Top Customers,1
427,8,185,2,2,2,222,6,Potential,0
466,14,433,2,3,3,233,8,Loyal Customers,0
170,4,34,4,1,1,411,6,Potential,2
386,22,907,2,4,3,243,9,Top Customers,1
204,25,416,3,4,3,343,10,Top Customers,3
390,6,44,2,2,1,221,5,Potential,0
62,16,1588,4,3,4,434,11,Top Customers,3
601,16,1797,1,3,4,134,8,Loyal Customers,1
633,4,40,1,1,1,111,3,At Risk,0
590,15,1143,1,3,4,134,8,Loyal Customers,1
1,13,914,4,3,3,433,10,Top Customers,3
525,11,1502,2,2,4,224,8,Loyal Customers,1
500,17,1338,2,3,4,234,9,Top Customers,1
343,4,27,3,1,1,311,5,Potential,2
274,20,763,3,4,3,343,10,Top Customers,3
345,21,1331,3,4,4,344,11,Top Customers,3
302,16,525,3,3,3,333,9,Top Customers,3
14,3,9,4,1,1,411,6,Potential,2
83,13,953,4,3,3,433,10,Top Customers,3
261,5,68,3,1,1,311,5,Potential,2
268,7,131,3,2,2,322,7,Loyal Customers,2
324,20,882,3,4,3,343,10,Top Customers,3
663,23,1149,1,4,4,144,9,Top Customers,1
287,4,37,3,1,1,311,5,Potential,2
308,13,388,3,3,2,332,8,Loyal Customers,2
499,15,1428,2,3,4,234,9,Top Customers,1
402,23,1633,2,4,4,244,10,Top Customers,1
403,7,173,2,2,2,222,6,Potential,0
264,7,99,3,2,2,322,7,Loyal Customers,2
471,9,215,2,2,2,222,6,Potential,0
497,23,929,2,4,3,243,9,Top Customers,1
101,9,219,4,2,2,422,8,Loyal Customers,2
291,8,174,3,2,2,322,7,Loyal Customers,2
566,6,92,1,2,2,122,5,Potential,0
293,24,1052,3,4,4,344,11,Top Customers,3
464,11,275,2,2,2,222,6,Potential,0
695,14,587,1,3,3,133,7,Loyal Customers,0
645,22,1662,1,4,4,144,9,Top Customers,1
503,8,159,2,2,2,222,6,Potential,0
391,17,1024,2,3,3,233,8,Loyal Customers,1
67,5,35,4,1,1,411,6,Potential,2
302,14,1042,3,3,3,333,9,Top Customers,3
204,14,395,3,3,2,332,8,Loyal Customers,2
655,22,557,1,4,3,143,8,Loyal Customers,1
6,0,9,4,1,1,411,6,Potential,2
356,5,69,2,1,2,212,5,Potential,0
169,15,486,4,3,3,433,10,Top Customers,3
147,4,34,4,1,1,411,6,Potential,2
649,27,1365,1,4,4,144,9,Top Customers,1
406,3,13,2,1,1,211,4,At Risk,0
608,20,1401,1,4,4,144,9,Top Customers,1
534,13,1574,1,3,4,134,8,Loyal Customers,1
292,19,1323,3,4,4,344,11,Top Customers,3
321,28,1217,3,4,4,344,11,Top Customers,3
589,6,103,1,2,2,122,5,Potential,0
360,6,84,2,2,2,222,6,Potential,0
519,22,1536,2,4,4,244,10,Top Customers,1
649,16,581,1,3,3,133,7,Loyal Customers,1
599,13,928,1,3,3,133,7,Loyal Customers,1
196,3,14,3,1,1,311,5,Potential,2
326,14,424,3,3,3,333,9,Top Customers,0
258,13,960,3,3,3,333,9,Top Customers,3
597,19,1555,1,4,4,144,9,Top Customers,1
630,18,656,1,3,3,133,7,Loyal Customers,1
296,6,55,3,2,1,321,6,Potential,2
49,4,20,4,1,1,411,6,Potential,2
636,13,367,1,3,2,132,6,Potential,0
111,21,2257,4,4,4,444,12,Top Customers,3
120,5,42,4,1,1,411,6,Potential,2
382,24,1049,2,4,4,244,10,Top Customers,1
74,5,48,4,1,1,411,6,Potential,2
543,19,685,1,4,3,143,8,Loyal Customers,1
71,4,39,4,1,1,411,6,Potential,2
142,4,43,4,1,1,411,6,Potential,2
682,18,835,1,3,3,133,7,Loyal Customers,1
159,19,1515,4,4,4,444,12,Top Customers,3
495,24,1039,2,4,3,243,9,Top Customers,1
349,23,1596,3,4,4,344,11,Top Customers,1
622,17,1828,1,3,4,134,8,Loyal Customers,1
60,4,34,4,1,1,411,6,Potential,2
72,8,149,4,2,2,422,8,Loyal Customers,2
406,22,946,2,4,3,243,9,Top Customers,1
41,5,28,4,1,1,411,6,Potential,2
603,15,450,1,3,3,133,7,Loyal Customers,0
161,4,46,4,1,1,411,6,Potential,2
234,15,1702,3,3,4,334,10,Top Customers,3
293,21,820,3,4,3,343,10,Top Customers,3
488,13,382,2,3,2,232,7,Loyal Customers,0
667,19,2126,1,4,4,144,9,Top Customers,1
58,19,2069,4,4,4,444,12,Top Customers,3
518,5,72,2,1,2,212,5,Potential,0
26,20,732,4,4,3,443,11,Top Customers,3
34,10,801,4,2,3,423,9,Top Customers,2
252,10,236,3,2,2,322,7,Loyal Customers,2
658,4,80,1,1,2,112,4,At Risk,0
90,14,1685,4,3,4,434,11,Top Customers,3
32,27,277,4,4,2,442,10,Top Customers,3
381,16,507,2,3,3,233,8,Loyal Customers,3
491,5,68,2,1,1,211,4,At Risk,0
77,4,49,4,1,1,411,6,Potential,2
103,14,397,4,3,3,433,10,Top Customers,2
248,6,39,3,2,1,321,6,Potential,2
155,12,306,4,3,2,432,9,Top Customers,2
414,13,976,2,3,3,233,8,Loyal Customers,1
296,24,1028,3,4,3,343,10,Top Customers,3
144,6,70,4,2,2,422,8,Loyal Customers,2
467,4,46,2,1,1,211,4,At Risk,0
276,4,51,3,1,1,311,5,Potential,2
70,21,1263,4,4,4,444,12,Top Customers,3
596,20,1490,1,4,4,144,9,Top Customers,1
623,23,1564,1,4,4,144,9,Top Customers,1
676,15,1815,1,3,4,134,8,Loyal Customers,1
520,25,1198,2,4,4,244,10,Top Customers,1
674,16,416,1,3,3,133,7,Loyal Customers,0
498,5,85,2,1,2,212,5,Potential,0
394,6,47,2,2,1,221,5,Potential,0
494,7,137,2,2,2,222,6,Potential,0
550,3,21,1,1,1,111,3,At Risk,0
7,5,70,4,1,2,412,7,Loyal Customers,2
161,20,909,4,4,3,443,11,Top Customers,3
617,22,1676,1,4,4,144,9,Top Customers,1
271,25,1735,3,4,4,344,11,Top Customers,3
537,27,1191,1,4,4,144,9,Top Customers,1
297,4,24,3,1,1,311,5,Potential,2
583,17,1182,1,3,4,134,8,Loyal Customers,1
371,13,1280,2,3,4,234,9,Top Customers,3
593,18,1336,1,3,4,134,8,Loyal Customers,1
377,19,749,2,4,3,243,9,Top Customers,3
221,6,91,3,2,2,322,7,Loyal Customers,2
274,13,414,3,3,3,333,9,Top Customers,2
173,6,44,4,2,1,421,7,Loyal Customers,2
89,6,63,4,2,1,421,7,Loyal Customers,2
447,21,901,2,4,3,243,9,Top Customers,1
661,4,38,1,1,1,111,3,At Risk,0
476,15,455,2,3,3,233,8,Loyal Customers,0
587,21,775,1,4,3,143,8,Loyal Customers,1
98,3,15,4,1,1,411,6,Potential,2
302,5,38,3,1,1,311,5,Potential,2
143,21,1512,4,4,4,444,12,Top Customers,3
531,4,43,1,1,1,111,3,At Risk,0
691,4,42,1,1,1,111,3,At Risk,0
65,22,1089,4,4,4,444,12,Top Customers,3
653,7,162,1,2,2,122,5,Potential,0
508,17,1272,2,3,4,234,9,Top Customers,1
604,18,1173,1,3,4,134,8,Loyal Customers,1
9,21,816,4,4,3,443,11,Top Customers,3
455,6,74,2,2,2,222,6,Potential,0
502,7,134,2,2,2,222,6,Potential,0
356,8,157,2,2,2,222,6,Potential,0
284,16,561,3,3,3,333,9,Top Customers,3
48,18,1336,4,3,4,434,11,Top Customers,3
685,22,2092,1,4,4,144,9,Top Customers,1
218,15,463,3,3,3,333,9,Top Customers,3
57,16,1130,4,3,4,434,11,Top Customers,3
163,4,20,4,1,1,411,6,Potential,2
615,13,377,1,3,2,132,6,Potential,0
432,27,1544,2,4,4,244,10,Top Customers,1
53,7,138,4,2,2,422,8,Loyal Customers,2
361,23,1012,2,4,3,243,9,Top Customers,3
355,14,1766,3,3,4,334,10,Top Customers,1
12,6,45,4,2,1,421,7,Loyal Customers,2
419,7,161,2,2,2,222,6,Potential,0
175,7,144,4,2,2,422,8,Loyal Customers,2
309,25,1734,3,4,4,344,11,Top Customers,3
250,20,823,3,4,3,343,10,Top Customers,3
121,26,1138,4,4,4,444,12,Top Customers,3
487,20,1429,2,4,4,244,10,Top Customers,1
157,20,1371,4,4,4,444,12,Top Customers,3
500,14,982,2,3,3,233,8,Loyal Customers,1
96,4,44,4,1,1,411,6,Potential,2
544,12,318,1,3,2,132,6,Potential,0
448,14,434,2,3,3,233,8,Loyal Customers,0
234,9,198,3,2,2,322,7,Loyal Customers,2
267,25,359,3,4,2,342,9,Top Customers,3
696,16,576,1,3,3,133,7,Loyal Customers,1
282,7,88,3,2,2,322,7,Loyal Customers,2
80,5,63,4,1,1,411,6,Potential,2
571,3,27,1,1,1,111,3,At Risk,0
487,8,193,2,2,2,222,6,Potential,0
649,6,101,1,2,2,122,5,Potential,0
137,21,2211,4,4,4,444,12,Top Customers,3
384,7,140,2,2,2,222,6,Potential,0
502,14,415,2,3,3,233,8,Loyal Customers,0
552,3,22,1,1,1,111,3,At Risk,0
508,10,263,2,2,2,222,6,Potential,0
372,11,393,2,2,2,222,6,Potential,0
251,7,147,3,2,2,322,7,Loyal Customers,2
77,14,443,4,3,3,433,10,Top Customers,2
195,18,1958,3,3,4,334,10,Top Customers,3
458,8,174,2,2,2,222,6,Potential,0
255,27,2217,3,4,4,344,11,Top Customers,3
87,15,1691,4,3,4,434,11,Top Customers,3
438,4,25,2,1,1,211,4,At Risk,0
37,21,809,4,4,3,443,11,Top Customers,3
669,15,895,1,3,3,133,7,Loyal Customers,1
551,15,484,1,3,3,133,7,Loyal Customers,0
529,14,413,2,3,3,233,8,Loyal Customers,0
178,11,331,4,2,2,422,8,Loyal Customers,2
478,4,25,2,1,1,211,4,At Risk,0
187,3,13,3,1,1,311,5,Potential,2
661,7,115,1,2,2,122,5,Potential,0
17,3,16,4,1,1,411,6,Potential,2
284,6,92,3,2,2,322,7,Loyal Customers,2
234,5,52,3,1,1,311,5,Potential,2
580,20,1464,1,4,4,144,9,Top Customers,1
501,13,441,2,3,3,233,8,Loyal Customers,0
285,11,283,3,2,2,322,7,Loyal Customers,2
119,20,747,4,4,3,443,11,Top Customers,3
405,16,1870,2,3,4,234,9,Top Customers,1
500,8,165,2,2,2,222,6,Potential,0
327,23,1941,3,4,4,344,11,Top Customers,1
518,21,839,2,4,3,243,9,Top Customers,1
691,24,1655,1,4,4,144,9,Top Customers,1
457,3,23,2,1,1,211,4,At Risk,0
485,5,66,2,1,1,211,4,At Risk,0
440,5,37,2,1,1,211,4,At Risk,0
91,4,21,4,1,1,411,6,Potential,2
642,3,22,1,1,1,111,3,At Risk,0
137,6,78,4,2,2,422,8,Loyal Customers,2
450,5,79,2,1,2,212,5,Potential,0
159,11,265,4,2,2,422,8,Loyal Customers,2
144,17,1175,4,3,4,434,11,Top Customers,3
498,26,1305,2,4,4,244,10,Top Customers,1
126,6,46,4,2,1,421,7,Loyal Customers,2
474,3,25,2,1,1,211,4,At Risk,0
255,4,46,3,1,1,311,5,Potential,2
660,22,874,1,4,3,143,8,Loyal Customers,1
697,6,100,1,2,2,122,5,Potential,0
476,23,930,2,4,3,243,9,Top Customers,1
215,20,868,3,4,3,343,10,Top Customers,3
229,6,45,3,2,1,321,6,Potential,2
426,25,1260,2,4,4,244,10,Top Customers,1
274,11,414,3,2,3,323,8,Loyal Customers,2
206,13,392,3,3,2,332,8,Loyal Customers,2
633,25,1109,1,4,4,144,9,Top Customers,1
393,18,639,2,3,3,233,8,Loyal Customers,3
458,5,79,2,1,2,212,5,Potential,0
506,23,1665,2,4,4,244,10,Top Customers,1
423,17,692,2,3,3,233,8,Loyal Customers,1
642,19,1392,1,4,4,144,9,Top Customers,1
212,5,44,3,1,1,311,5,Potential,2
210,5,50,3,1,1,311,5,Potential,2
656,13,467,1,3,3,133,7,Loyal Customers,0
211,9,223,3,2,2,322,7,Loyal Customers,2
20,8,158,4,2,2,422,8,Loyal Customers,2
291,27,1211,3,4,4,344,11,Top Customers,3
681,12,1575,1,3,4,134,8,Loyal Customers,1
184,21,1208,3,4,4,344,11,Top Customers,3
477,4,43,2,1,1,211,4,At Risk,0
280,15,527,3,3,3,333,9,Top Customers,3
7,13,932,4,3,3,433,10,Top Customers,3
27,6,71,4,2,2,422,8,Loyal Customers,2
3,4,54,4,1,1,411,6,Potential,2
467,6,129,2,2,2,222,6,Potential,0
631,24,1615,1,4,4,144,9,Top Customers,1
343,23,1034,3,4,3,343,10,Top Customers,3
540,23,1088,1,4,4,144,9,Top Customers,1
407,18,721,2,3,3,233,8,Loyal Customers,1
184,7,137,3,2,2,322,7,Loyal Customers,2
394,6,47,2,2,1,221,5,Potential,0
247,16,1244,3,3,4,334,10,Top Customers,3
533,5,41,1,1,1,111,3,At Risk,0
686,27,1174,1,4,4,144,9,Top Customers,1
539,13,993,1,3,3,133,7,Loyal Customers,1
296,6,100,3,2,2,322,7,Loyal Customers,2
608,15,1680,1,3,4,134,8,Loyal Customers,1
85,7,98,4,2,2,422,8,Loyal Customers,2
253,4,48,3,1,1,311,5,Potential,2
328,16,519,3,3,3,333,9,Top Customers,3
186,19,715,3,4,3,343,10,Top Customers,3
287,4,37,3,1,1,311,5,Potential,2
535,18,653,1,3,3,133,7,Loyal Customers,1
357,20,1455,2,4,4,244,10,Top Customers,1
142,17,602,4,3,3,433,10,Top Customers,3
359,4,26,2,1,1,211,4,At Risk,0
94,6,102,4,2,2,422,8,Loyal Customers,2
483,6,97,2,2,2,222,6,Potential,0
371,9,207,2,2,2,222,6,Potential,0
672,7,176,1,2,2,122,5,Potential,0
254,12,450,3,3,3,333,9,Top Customers,2
599,13,433,1,3,3,133,7,Loyal Customers,0
532,29,1366,1,4,4,144,9,Top Customers,1
242,21,1564,3,4,4,344,11,Top Customers,3
498,24,1001,2,4,3,243,9,Top Customers,1
561,17,961,1,3,3,133,7,Loyal Customers,1
90,22,1518,4,4,4,444,12,Top Customers,3
268,6,56,3,2,1,321,6,Potential,2
235,3,22,3,1,1,311,5,Potential,2
302,14,400,3,3,3,333,9,Top Customers,2
251,3,26,3,1,1,311,5,Potential,2
58,12,350,4,3,2,432,9,Top Customers,2
557,21,1216,1,4,4,144,9,Top Customers,1
660,22,874,1,4,3,143,8,Loyal Customers,1
404,4,40,2,1,1,211,4,At Risk,0
272,18,1367,3,3,4,334,10,Top Customers,3
397,10,264,2,2,2,222,6,Potential,0
638,18,2053,1,3,4,134,8,Loyal Customers,1
577,9,1376,1,2,4,124,7,Loyal Customers,1
101,4,45,4,1,1,411,6,Potential,2
38,24,976,4,4,3,443,11,Top Customers,3
650,4,51,1,1,1,111,3,At Risk,0
130,18,1264,4,3,4,434,11,Top Customers,3
486,6,75,2,2,2,222,6,Potential,0
608,5,57,1,1,1,111,3,At Risk,0
384,7,140,2,2,2,222,6,Potential,0
561,17,497,1,3,3,133,7,Loyal Customers,1
386,10,266,2,2,2,222,6,Potential,0
650,20,2006,1,4,4,144,9,Top Customers,1
392,17,615,2,3,3,233,8,Loyal Customers,3
555,23,1021,1,4,3,143,8,Loyal Customers,1
44,4,22,4,1,1,411,6,Potential,2
240,6,133,3,2,2,322,7,Loyal Customers,2
340,14,437,3,3,3,333,9,Top Customers,0
207,24,1013,3,4,3,343,10,Top Customers,3
307,5,57,3,1,1,311,5,Potential,2
159,25,1038,4,4,3,443,11,Top Customers,3
445,21,1573,2,4,4,244,10,Top Customers,1
619,3,28,1,1,1,111,3,At Risk,0
655,7,123,1,2,2,122,5,Potential,0
323,3,13,3,1,1,311,5,Potential,2
668,7,132,1,2,2,122,5,Potential,0
695,19,732,1,4,3,143,8,Loyal Customers,1
9,5,66,4,1,1,411,6,Potential,2
268,23,1631,3,4,4,344,11,Top Customers,3
331,16,608,3,3,3,333,9,Top Customers,3
456,17,1822,2,3,4,234,9,Top Customers,1
664,19,1282,1,4,4,144,9,Top Customers,1
238,3,8,3,1,1,311,5,Potential,2
433,4,43,2,1,1,211,4,At Risk,0
475,19,1931,2,4,4,244,10,Top Customers,1
304,0,8,3,1,1,311,5,Potential,2
684,5,103,1,1,2,112,4,At Risk,0
170,14,1169,4,3,4,434,11,Top Customers,3
84,14,395,4,3,2,432,9,Top Customers,2
270,10,258,3,2,2,322,7,Loyal Customers,2
49,4,25,4,1,1,411,6,Potential,2
120,9,185,4,2,2,422,8,Loyal Customers,2
692,7,180,1,2,2,122,5,Potential,0
150,4,22,4,1,1,411,6,Potential,2
157,5,44,4,1,1,411,6,Potential,2
513,7,94,2,2,2,222,6,Potential,0
121,6,81,4,2,2,422,8,Loyal Customers,2
163,21,798,4,4,3,443,11,Top Customers,3
218,18,1334,3,3,4,334,10,Top Customers,3
96,4,38,4,1,1,411,6,Potential,2
97,7,61,4,2,1,421,7,Loyal Customers,2
358,12,300,2,3,2,232,7,Loyal Customers,0
260,6,88,3,2,2,322,7,Loyal Customers,2
196,5,54,3,1,1,311,5,Potential,2
650,14,1782,1,3,4,134,8,Loyal Customers,1
152,7,68,4,2,1,421,7,Loyal Customers,2
270,10,258,3,2,2,322,7,Loyal Customers,2
367,4,31,2,1,1,211,4,At Risk,0
48,6,66,4,2,1,421,7,Loyal Customers,2
61,8,174,4,2,2,422,8,Loyal Customers,2
158,4,28,4,1,1,411,6,Potential,2
109,20,731,4,4,3,443,11,Top Customers,3
155,11,274,4,2,2,422,8,Loyal Customers,2
626,23,1701,1,4,4,144,9,Top Customers,1
117,12,312,4,3,2,432,9,Top Customers,2
332,14,414,3,3,3,333,9,Top Customers,0
391,22,1565,2,4,4,244,10,Top Customers,1
244,4,29,3,1,1,311,5,Potential,2
370,6,94,2,2,2,222,6,Potential,0
500,17,1338,2,3,4,234,9,Top Customers,1
459,14,1092,2,3,4,234,9,Top Customers,1
188,17,1479,3,3,4,334,10,Top Customers,3
218,4,54,3,1,1,311,5,Potential,2
116,17,568,4,3,3,433,10,Top Customers,3
366,26,1199,2,4,4,244,10,Top Customers,1
163,21,873,4,4,3,443,11,Top Customers,3
335,14,1213,3,3,4,334,10,Top Customers,3
111,20,731,4,4,3,443,11,Top Customers,3
534,18,2043,1,4,4,144,9,Top Customers,1
554,16,1893,1,3,4,134,8,Loyal Customers,1
619,14,424,1,3,3,133,7,Loyal Customers,0
538,13,575,1,3,3,133,7,Loyal Customers,0
248,10,257,3,2,2,322,7,Loyal Customers,2
237,6,56,3,2,1,321,6,Potential,2
479,17,542,2,3,3,233,8,Loyal Customers,1
67,6,125,4,2,2,422,8,Loyal Customers,2
405,6,69,2,2,2,222,6,Potential,0
103,4,40,4,1,1,411,6,Potential,2
535,24,1016,1,4,3,143,8,Loyal Customers,1
143,22,907,4,4,3,443,11,Top Customers,3
49,23,1566,4,4,4,444,12,Top Customers,3
170,14,1169,4,3,4,434,11,Top Customers,3
105,5,46,4,1,1,411,6,Potential,2
489,24,1644,2,4,4,244,10,Top Customers,1
493,4,59,2,1,1,211,4,At Risk,0
696,3,17,1,1,1,111,3,At Risk,0
600,24,1853,1,4,4,144,9,Top Customers,1
697,20,1528,1,4,4,144,9,Top Customers,1
464,6,35,2,2,1,221,5,Potential,0
69,7,141,4,2,2,422,8,Loyal Customers,2
312,15,546,3,3,3,333,9,Top Customers,3
376,13,500,2,3,3,233,8,Loyal Customers,0
3,6,61,4,2,1,421,7,Loyal Customers,2
328,6,106,3,2,2,322,7,Loyal Customers,2
583,22,704,1,4,3,143,8,Loyal Customers,1
619,14,424,1,3,3,133,7,Loyal Customers,0
543,21,849,1,4,3,143,8,Loyal Customers,1
498,5,85,2,1,2,212,5,Potential,0
622,9,199,1,2,2,122,5,Potential,0
687,16,1147,1,3,4,134,8,Loyal Customers,1
98,6,54,4,2,1,421,7,Loyal Customers,2
569,4,43,1,1,1,111,3,At Risk,0
349,4,53,3,1,1,311,5,Potential,2
501,16,521,2,3,3,233,8,Loyal Customers,0
144,17,1623,4,3,4,434,11,Top Customers,3
59,5,45,4,1,1,411,6,Potential,2
625,18,1435,1,4,4,144,9,Top Customers,1
334,1,32,3,1,1,311,5,Potential,2
556,3,16,1,1,1,111,3,At Risk,0
465,5,52,2,1,1,211,4,At Risk,0
85,17,1234,4,3,4,434,11,Top Customers,3
375,3,15,2,1,1,211,4,At Risk,0
623,13,415,1,3,3,133,7,Loyal Customers,0
215,15,470,3,3,3,333,9,Top Customers,3
360,20,1438,2,4,4,244,10,Top Customers,1
418,7,53,2,2,1,221,5,Potential,0
4,6,51,4,2,1,421,7,Loyal Customers,2
171,19,679,4,4,3,443,11,Top Customers,3
641,16,586,1,3,3,133,7,Loyal Customers,1
462,18,653,2,4,3,243,9,Top Customers,1
483,14,468,2,3,3,233,8,Loyal Customers,0
686,1,1679,1,1,4,114,6,Potential,0
42,5,50,4,1,1,411,6,Potential,2
470,6,84,2,2,2,222,6,Potential,0
677,25,1049,1,4,4,144,9,Top Customers,1
681,3,22,1,1,1,111,3,At Risk,0
392,7,62,2,2,1,221,5,Potential,0
363,3,30,2,1,1,211,4,At Risk,0
381,16,1341,2,3,4,234,9,Top Customers,1
19,15,444,4,3,3,433,10,Top Customers,3
155,18,1241,4,4,4,444,12,Top Customers,3
156,21,843,4,4,3,443,11,Top Customers,3
622,8,172,1,2,2,122,5,Potential,0
